N,P,K,temperature,humidity,ph,rainfall,NuContAvailable,AvMoisture%,AvN%(dry),AvP%(dry),AvK%(dry),soil Type
0,55,25,28.17489437,43.6672299,4.524171562,45.78172762,N,7.2,1.92,#DIV/0!,#DIV/0!,lime soil
0,70,21,36.30049702,56.03021253,4.672437054,101.6073988,"N,P,K",79,4.495238095,0.523809524,1.238095238,lime soil
0,65,15,23.46168338,23.22197648,5.645435626,95.84253438,"N,P,K",72.23,0.846957148,0.129636298,1.09110551,Loam
0,55,22,22.98666928,20.57940608,5.916779289,143.8584938,"N,P,K",81.76,0.728070175,0.16995614,0.9375,Loam
0,49,18,29.68361658,87.93598094,6.990095452,41.82490236,"N,P,K",7.36,2.993186325,0.626388889,0.718782051,Red Soil
1,66,23,19.54317155,56.92831399,4.803564468,173.1686574,"N,P,K",12.48,2.393352614,0.46134594,3.823743048,lime soil
1,62,23,15.43546065,18.37477907,5.607808432,139.0302034,P,10.6,#DIV/0!,0.28,#DIV/0!,lime soil
1,76,17,28.43430726,52.10010827,6.012719118,147.0414824,"N,P,K",74.13,2.368,0.175,2.635,sandy
1,48,24,29.34594634,85.60472562,6.232836962,59.03629954,"N,P,K",74.45,2.406,0.43,2.54,silt
1,76,19,24.18553163,46.68746847,6.669529416,177.3377996,"N,P,K",88,2.666666667,0.525,2.333333333,Clay
1,59,23,27.46852989,87.17649,7.184398832,43.78420984,"N,P,K",70.3,1.872,0.32,1.69,Loam
2,51,17,25.87682261,45.96341933,5.838508699,38.53254678,"N,P,K",91.28,1.253884935,0.213523132,1.96915777,Loam
2,67,18,34.51934775,47.52980027,5.921666758,129.0064612,"N,P,K",7.95,2.144,0.2,1.49,Loam
2,61,20,22.13974653,23.02251117,5.95561668,76.64128258,"N,P,K",6.94,1.112342909,0.084439655,1.741422414,sandy
2,47,15,29.86860065,85.99127934,6.401455706,58.41394143,"P,K",9.6,#DIV/0!,0.17,1.52,silt
2,39,15,28.07219563,82.9116472,6.478557136,49.61865305,"N,P,K",72.4,2.048,0.38,2.09,silt
2,38,18,27.53632932,89.92908171,6.619891498,45.48591922,"N,P,K",66.7,1.697070119,0.290315534,1.685711974,silt
2,56,23,26.65333029,59.79023382,7.550090941,36.91852635,"N,P,K",81.16,0.8492569,0.143312102,1.475583864,Loam
3,49,18,27.91095209,64.70930606,3.692863601,32.67891866,"N,P,K",9,1.296703297,0.208791209,1.076923077,lime soil
3,60,19,25.74679443,40.7192594,4.820788186,100.7791633,"N,P,K",6.82,4.254759672,0.350230252,0.561076869,lime soil
3,68,16,18.31910448,34.69776639,4.964887857,107.4721605,"N,P,K",10.24,1.373104523,0.237019425,1.260527809,lime soil
3,67,24,17.00067625,19.90790546,5.520880014,103.2926407,"N,P,K",88.53,3.398779661,0.529491525,3.03,lime soil
3,77,25,24.84906168,22.89464642,5.608165195,62.21292186,"N,P,K",91,3.022222222,0.511111111,3.888888889,Loam
3,72,24,36.51268371,57.92887167,6.03160778,122.6539694,N,4.1,3.837330553,#DIV/0!,#DIV/0!,sandy
3,56,17,28.19912143,53.50567601,8.709291688,52.13580529,"N,P,K",10.12,6.567758454,0.672763285,1.541666667,silt
3,58,21,25.36140526,46.82652785,9.160691747,55.60523179,"N,P",10.2,2.192,0.21,#DIV/0!,silt
4,46,15,31.01274943,62.40392519,3.504752314,63.77192383,"N,P,K",73.9,0.968,0.2,1.11,lime soil
4,47,20,25.97948991,64.95585424,4.193189124,72.19245835,N,8.6,2.24,#DIV/0!,#DIV/0!,lime soil
4,69,19,19.25100056,47.70351758,5.374358869,149.063196,"N,P,K",85.2,0.854054054,0.067567568,1.162162162,lime soil
4,67,25,23.78709569,24.35679348,5.948164454,119.6404412,N,7.7,5.807575298,#DIV/0!,#DIV/0!,sandy
4,59,25,27.68515114,81.94268594,6.227134139,54.62243308,"N,P,K",69.6,0.963,0.18,1.57,silt
4,41,20,28.14720892,83.8001509,6.647965508,37.44800463,"N,P,K",94,2.558023392,0.471052632,4.278701754,silt
4,40,21,28.79728147,80.45744422,6.725551062,44.30070517,"N,P",12.75,1.232,0.2,#DIV/0!,Clay
4,44,19,27.95639663,83.52706038,6.921993878,43.25726752,"N,P,K",11.45,2.703995561,0.434650388,0.41,Red Soil
4,36,22,27.60887393,86.13316408,7.012740397,43.80041104,"N,P,K",31.4,0.653061224,0.164723032,0.915451895,Alluvial
4,43,18,29.02955344,61.09387478,8.840656256,72.98016599,"N,P",8.7,1.051478642,0.13143483,#DIV/0!,silt
4,59,22,29.33743412,49.00323081,8.914074888,42.44054315,"N,P,K",91,3.555555556,0.422222222,3.666666667,clay
5,62,23,27.9348279,66.45457122,4.722222454,145.3728801,"N,P,K",10.45,1.254326304,0.25,3.69,lime soil
5,68,20,18.72987676,61.33186249,5.001038726,139.8710041,"N,P,K",9.15,1.747002208,0.186743929,1.379845475,lime soil
5,56,24,24.80710166,45.01110015,5.023115055,188.4928637,"N,P,K",81,1.010526316,0.363157895,1.736842105,lime soil
5,74,21,16.24469193,21.35793891,5.591704014,66.97053257,"N,P,K",96,4.8,0.775,6.75,lime soil
5,65,16,21.32776028,18.48522915,5.866744372,109.1013261,"N,P,K",88.26,0.954003407,0.153321976,0.868824532,Loam
5,59,15,18.87492997,20.18238348,5.97229163,134.1811718,"N,P,K",9,2.608,0.24,1.1,sandy
5,68,20,19.04380471,33.10695144,6.12166671,155.3705624,"N,P,K",86,2.285714286,0.328571429,1.857142857,sandy
5,77,19,31.08564994,66.68832981,6.242052013,175.9303271,"N,P,K",8.25,2.331043478,0.156521739,0.921956522,silt
5,45,21,28.36291385,88.00989267,6.487124217,43.05130077,"N,P,K",86.53,3.298,0.4225,3.015,silt
5,55,18,33.50876355,45.70976142,7.322097972,126.6738117,"N,P,K",90,3.52,0.4,2.7,Loam
5,35,20,28.92952635,53.57014709,9.679240873,66.35634104,"N,P,K",83.8,0.395061728,0.104938272,1.216049383,silt
6,69,19,26.88630675,41.69617915,4.750929218,94.46748008,"N,P",93,2.742857143,0.457142857,#DIV/0!,lime soil
6,77,25,20.61162204,24.36314135,5.792744849,69.63833855,"N,P,K",91.38,1.020881671,0.104408353,1.496519722,Loam
6,62,22,20.53052663,18.09224048,5.824090984,120.4509288,"N,P,K",75.1,1.84,0.32,1.88,Loam
6,63,23,26.01630259,49.94704718,5.906596905,160.3337447,N,75,2,#DIV/0!,#DIV/0!,Loam
6,66,15,34.93174223,30.40046769,6.345806011,159.2649827,"N,P,K",86.34,1.218155198,1.244509517,1.310395315,silt
6,47,18,29.16174608,80.28038146,6.715276663,40.16545979,"N,P,K",12.2,2.596629214,0.359850187,2.238127341,Clay
6,37,17,28.08657178,80.35005927,6.760694228,38.14476781,"N,P,K",75,3,0.35,2.51,Clay
6,48,24,28.6362812,84.61431076,6.790736339,48.48319335,"N,P",23.3,0.304,0.05,#DIV/0!,Clay
6,36,22,24.21610338,59.79236306,8.869532817,42.24783476,N,69.85,1.548,#DIV/0!,#DIV/0!,silt
7,56,23,26.33908791,40.00933429,5.545219232,55.50429227,"N,P,K",76.88,1.86312782,0.281578947,2.548646617,lime soil
7,74,17,22.47253208,62.56532471,5.667419697,96.74706956,"N,P,K",77.2,1.608220035,0.247037645,1.997419561,Loam
7,56,18,18.31357543,24.32991649,5.698371311,76.14153904,"N,P,K",10.1,2.216,0.375,0.39,Loam
7,79,23,19.6365349,19.68751084,5.821649914,96.65888933,"N,P,K",80.8,1.904,0.16,1.91,Loam
7,63,24,22.95458237,24.03553105,5.858617867,107.7315386,N,13,1.984,#DIV/0!,#DIV/0!,Loam
7,60,25,28.2753171,82.76020821,6.397636709,56.04995423,"N,P,K",11.1,1.488,0.17,1.81,silt
7,77,18,20.5591255,60.54880693,6.655918078,191.0895109,"N,P,K",73,4.22,0.37,2.22,Clay
7,40,17,31.2123945,40.92604945,8.532078733,53.78769958,"N,P,K",78.93,2.774923077,0.289487179,1.059230769,silt
7,45,22,25.50634557,44.8302551,9.926212291,74.32635105,"N,P,K",93.61,2.253521127,0.219092332,4.507042254,silt
8,60,18,31.21629982,46.01868196,3.808429173,53.1205277,"N,P,K",79.6,2.842666667,0.376666667,3.12,lime soil
8,45,15,28.09568993,60.9835384,4.61136408,33.84110759,"N,P,K",9.07,0.504688814,0.09424569,0.969956897,lime soil
8,72,17,20.57341244,19.7520218,5.711439256,87.87869161,N,80.8,2.56,#DIV/0!,#DIV/0!,Loam
8,59,18,29.50523036,35.72032498,6.216814453,187.8961851,"N,P",9.7,2.479714286,0.267857143,#DIV/0!,silt
8,50,21,28.62911222,89.1148059,6.218923893,50.49913241,"N,P,K",80,0.8,0.535,2.5,silt
8,45,18,27.93034941,85.42058715,7.011030515,43.25095608,"N,P,K",12.1,3.679821555,0.35628692,2.228636364,Alluvial
8,54,20,28.3340432,80.77275974,7.034214276,38.7976407,"N,P,K",79.28,1.052,0.2175,1.543333333,Alluvial
9,59,24,20.43517772,39.37252634,4.747352458,137.2279662,"N,P",7.75,4.856613757,0.402116402,#DIV/0!,lime soil
9,51,19,27.04453473,49.32609633,5.49091063,48.25207759,"N,P,K",93,1.371428571,0.114285714,1.757142857,lime soil
9,69,20,19.30607278,23.96362799,5.591560999,129.3449326,"N,P,K",90.84,1.113580683,0.112002356,1.333156655,lime soil
9,76,25,28.88302142,50.12323801,5.70951224,179.2155874,"N,P",8.65,1.232,0.23,#DIV/0!,Loam
9,66,21,30.11812084,34.13307843,5.719889876,157.0858232,N,8.1,1.63656148,#DIV/0!,#DIV/0!,Loam
9,77,17,20.12373284,24.45202552,5.783425416,106.158201,"N,P,K",10.9,1.518606742,0.218988764,1.449578652,Loam
9,80,19,21.80619564,18.57086554,5.945465949,125.0972687,"N,P,K",77.86,0.867208672,0.103884372,1.129177958,sandy
9,60,23,31.96987867,57.17377029,6.276004336,64.25520357,"N,P,K",10.1,2.192,0.295,1.4,silt
9,48,20,29.66461594,84.28187572,6.377568542,56.09542002,"N,P,K",66.3,1.5,0.24,1.59,silt
9,48,22,27.77076285,87.09979549,6.402926221,49.50812624,"N,P,K",25,4,0.312,3.86,silt
9,35,20,27.41503453,80.98004661,6.91380932,40.53173216,N,75,3.2,#DIV/0!,#DIV/0!,Red Soil
9,57,24,29.89232778,89.71503316,7.165121109,42.99498978,"N,P,K",35,0.088466667,0.020826667,0.229666667,Loam
9,49,16,30.88482722,41.36561835,7.661537348,55.053805,N,15,1.85,#DIV/0!,#DIV/0!,Loam
9,59,25,30.39321309,60.16299493,7.699200949,35.37493212,"N,P,K",86,0.914285714,0.257142857,3.714285714,Loam
10,79,18,21.0643684,55.46985938,5.624731338,184.6226709,"N,P,K",92,5.8,1.125,4,Loam
10,55,23,21.18853178,19.63438599,5.728233081,137.1948633,"N,P,K",90.89,1.1064764,0.087815587,1.525795829,Loam
10,71,18,19.54284889,66.34777265,6.151029296,173.1106982,"N,P",9.5,0.777900552,0.077348066,#DIV/0!,silt
10,59,15,29.83040388,89.30428305,6.32400451,58.86687093,"N,P",9,2.8,0.21,#DIV/0!,silt
10,56,16,28.17432665,81.04554836,6.828187499,36.35720652,"N,P,K",82.1,2.457865169,0.224719101,5.786516854,Clay
10,37,22,28.7275267,89.12760359,7.069747814,58.52974279,N,15.7,1.456,#DIV/0!,#DIV/0!,Alluvial
10,59,22,28.60901145,86.99495766,7.155685016,36.94616965,"N,P,K",87.6,0.812903226,0.080645161,1.266129032,Loam
10,44,24,30.99256944,43.02151392,8.0344125,58.27600682,"N,P,K",77.63,3.322074074,0.310555556,2.8,silt
11,45,19,28.70012137,44.359648,3.828031463,44.11622138,N,75,2,#DIV/0!,#DIV/0!,lime soil
11,41,19,26.85911286,41.81420849,5.131779302,44.13827124,"N,P,K",74.5,1.410666667,0.3,1.58,lime soil
11,61,21,18.62328774,23.02410338,5.532100554,135.3378033,"N,P,K",10.87,2.264,0.206666667,1.036666667,lime soil
11,71,24,21.14011423,22.7182355,5.606620346,141.6056722,"N,P,K",10,2.221865471,0.248318386,1.099327354,lime soil
11,71,17,19.9191786,21.47324158,5.74644777,82.68554379,"N,P",8.6,1.776,0.25,#DIV/0!,Loam
11,40,23,29.61253065,63.04749127,5.80428611,50.1978269,"N,P,K",90.64,5.2056,0.556,5.6625,Loam
11,78,22,23.89756791,22.74378977,5.940546818,112.6616435,"N,P,K",86.73,0.518462698,0.203466466,2.004521477,sandy
11,72,20,19.52226241,24.92607153,5.951177452,113.334026,"N,P,K",85,3.52,0.373333333,2.666666667,sandy
11,46,24,27.65280218,89.80650642,6.459252023,56.52558045,"N,P,K",12.2,1.205213483,0.233679775,1.826348315,silt
11,72,22,29.37735586,44.82294584,6.842744374,172.40168,"N,P",6.5,1.328,0.16,#DIV/0!,Clay
11,60,23,27.33684386,88.50229102,7.033012777,51.09802625,"N,P",9.8,1.792,0.14,#DIV/0!,Alluvial
11,53,24,28.52396666,55.77264351,7.39389918,61.32935611,"N,P,K",94,1.866666667,0.45,3.166666667,Loam
11,44,17,26.34043268,55.59160391,8.016210782,35.1051197,"N,P,K",11.33,1.386730857,0.286220466,0.453220721,clay
12,61,19,19.33162606,24.13995025,5.655726817,68.51253427,"N,P,K",11.07,2.56,0.266666667,1.213333333,Loam
12,63,17,18.358923,19.37703396,5.717143397,138.414764,N,6.1,2.448,#DIV/0!,#DIV/0!,Loam
12,78,23,16.06522754,18.72479695,5.99812453,88.06638775,"N,P,K",80.28,0.571604938,0.066872428,0.951646091,sandy
12,39,21,28.99319096,62.85948245,8.183844843,70.4713043,"N,P,K",76.85,1.368,0.24,2.51,clay
13,67,18,30.5753044,34.75591197,5.384762927,177.5764304,N,15,2.8,#DIV/0!,#DIV/0!,lime soil
13,73,20,30.50420876,35.48885969,5.391560418,162.5927723,N,13.5,1.530666667,#DIV/0!,#DIV/0!,lime soil
13,60,25,17.13692774,20.59541693,5.68597166,128.256862,"N,P",11,1.392,0.24,#DIV/0!,Loam
13,72,21,24.32116642,21.0278674,5.821194486,60.27552528,"N,P,K",83.13,0.682868998,0.100770599,0.4682869,Loam
13,69,19,17.30844532,20.01730914,5.86390397,115.199245,"N,P,K",92,1.5,0.0875,2.625,Loam
13,47,20,29.21780035,87.93724219,6.54450214,43.1386631,N,11.1,2.064,#DIV/0!,#DIV/0!,silt
13,57,25,28.30041493,86.20681554,6.86308576,50.47333854,"N,P,K",68.6,2.992,0.235,1.695,Clay
13,75,20,30.55992394,35.29006485,6.979540061,178.8998611,"N,P,K",86.5,0.462222222,0.051851852,0.837037037,Red Soil
14,58,17,30.53684308,59.96664731,4.605700542,33.48919022,"N,P,K",96,0.8,0.175,5,lime soil
14,67,22,23.82576704,24.75485098,5.624690248,84.64143632,"N,P,K",88.33,0.909745574,0.164801369,2.579675644,Loam
14,67,15,19.56376468,24.67385131,5.690065688,139.2921004,"N,K",10.67,0.673925926,#DIV/0!,1.6,Loam
14,59,15,21.35135729,22.91244883,5.779090476,146.4548645,"N,P,K",2.88,1.36738056,0.140032949,0.378912685,Loam
14,75,24,24.54757829,57.3414485,6.436160044,118.3606557,"N,P,K",9.03,4.102871003,0.485316979,1.288902977,silt
14,37,15,27.96235681,83.97586797,6.581351374,48.9366954,N,10.7,2.252,#DIV/0!,#DIV/0!,silt
14,57,15,29.8757015,83.14796296,6.623438282,40.12044158,"N,P,K",10.37,2.172886905,0.211071429,2.16,silt
14,74,19,18.39759147,36.82639309,6.624966131,93.12330644,"N,P,K",82.3,1.175141243,0.124293785,1.107344633,silt
14,48,21,29.24598976,84.80084105,6.991242362,53.43228915,"N,P",72,0.864,0.265,#DIV/0!,Red Soil
14,41,17,29.12939524,88.48312598,7.085982325,36.45012824,"N,P,K",78.5,3.85,0.173,2.9,Alluvial
14,55,15,27.33580911,55.27755933,8.050304395,73.44775287,"N,P,K",90.67,2.585038462,0.393653846,2.779038462,silt
15,45,23,24.20422636,61.43378674,7.224193642,46.0203959,"N,P,K",10.66,2.571179594,0.244972726,1.105743473,Loam
15,54,15,29.97604322,57.03184356,8.35495812,44.86052932,"N,P,K",94,4,0.466666667,2.166666667,clay
16,51,21,31.01963639,49.9767522,3.532008668,32.81296548,"N,P,K",73.23,1.231228988,0.119536795,0.922674636,lime soil
16,73,19,18.41645629,34.80541039,4.684079249,163.2747473,N,9.6,1.056,#DIV/0!,#DIV/0!,lime soil
16,71,24,18.33124824,38.40975482,4.946369874,139.6483317,"N,P,K",73.43,1.450586466,0.339172932,2.149849624,lime soil
16,70,20,24.80467592,40.1242747,5.6093956,121.5639121,N,10.9,1.536,#DIV/0!,#DIV/0!,Loam
16,75,21,18.50692825,23.61670065,5.679224346,87.0513289,"N,P,K",8.5,1.808,0.22,1.75,Loam
16,55,19,19.54314136,47.19188279,6.413543781,192.4372194,"N,P",12.1,1.336,0.2,#DIV/0!,silt
16,77,22,31.48469278,35.6395615,6.574209678,100.546816,"N,P,K",87.83,0.953808752,0.097244733,1.59643436,silt
16,80,20,31.24021696,56.67369054,7.339320929,122.0146733,"P,K",70.93,#DIV/0!,0.253333333,1.933333333,Loam
16,56,17,33.80020039,40.03262418,7.445444883,176.6165894,"N,P,K",78.9,2.12,0.24,1.89,Loam
17,57,20,28.50677929,45.20094476,3.793575185,66.1761456,"N,P,K",12.74,1.485349706,0.196247216,1.420227273,lime soil
17,43,22,30.06142622,45.90067655,5.498340808,41.0550915,N,9.1,1.296,#DIV/0!,#DIV/0!,lime soil
17,77,24,20.76952209,18.93146941,5.568456899,109.0193712,"N,P,K",2.65,2.090600925,0.345146379,0.447868516,lime soil
17,67,18,31.2192752,56.46868874,5.611510977,129.2028653,"N,P,K",88.83,0.873769024,0.044762757,2.30080573,Loam
17,73,18,19.50112224,34.51086611,5.632353113,197.3752649,"N,P,K",92,4,0.375,2.75,Loam
17,64,17,21.02213209,24.93896255,5.662699104,124.6118471,"N,P,K",89.89,1.488845401,0.362113503,3.161741683,Loam
17,77,23,24.51324787,20.81527638,5.670062975,64.19497947,"N,P,K",72.5,2.503933571,0.256761566,1.969584816,Loam
17,59,17,18.4167001,23.42829938,5.689858133,132.9801054,"N,P,K",10.85,2.28,0.265,2.02,Loam
17,57,21,19.88394011,20.31564139,5.789214289,60.91974792,"N,P,K",10.85,1.685,0.265,2.02,Loam
17,56,17,27.94293692,45.41393636,5.9565851,69.66289997,N,8.3,2.330666667,#DIV/0!,#DIV/0!,sandy
17,64,18,36.75087487,58.25799145,6.07938452,124.6028153,"N,P,K",48.9,2.24,0.2,3.95,sandy
17,52,17,27.88352946,86.45147631,6.364967184,44.64407105,"N,P,K",68.85,0.909181818,0.150984848,1.036767677,silt
17,58,20,28.06642822,85.91625451,6.42937879,39.23831035,"N,P,K",12.28,2.052714607,0.4,3.05,silt
17,58,25,31.12896766,43.58788762,6.455592696,32.76742894,"N,P,K",92,1.4,0.25,4.5,silt
17,64,16,30.97758716,32.24914235,7.161797643,180.716828,"N,P,K",87.14,0.870917574,0.093312597,1.314152411,Loam
18,58,16,21.47607807,38.80023714,4.962661422,180.382234,"N,P",83.68,2.886921987,0.473532241,#DIV/0!,lime soil
18,74,15,24.9035819,22.27512704,5.70836603,146.4727237,"N,P,K",5.8,2.976,0.27,0.99,Loam
18,79,20,20.27514686,23.2353604,5.877347515,139.7521543,"N,P,K",10.8,2.656,0.23,1.59,Loam
18,55,23,21.9989826,56.31006755,6.98571967,136.8274312,"N,P,K",80.32,0.471544715,0.086382114,0.818089431,Red Soil
18,36,23,24.01825377,53.76623369,7.214078621,35.03404425,"N,P,K",92,2.8,0.475,2.375,Loam
19,51,25,26.80474415,48.23991436,3.5253661,43.87801983,"N,P,K",7.1,2.44,0.27,0.97,lime soil
19,65,25,18.09551014,18.29318436,5.625096446,144.7902323,"N,P,K",90.76,1.090909091,0.075757576,1.623376623,Loam
19,78,16,20.65375833,23.10538637,5.967533236,67.71768947,"N,P,K",89.58,1.351247601,0.115163148,1.372360845,sandy
19,36,22,25.44689075,58.55363573,6.16496284,57.04826619,"N,P,K",71.6,1.012,0.21,1.11,silt
19,53,22,27.8640132,80.4513142,6.852884643,42.83053902,"N,P",79.2,3.152,0.48,#DIV/0!,Clay
19,35,24,27.11030369,83.64274107,6.883308033,49.11964582,"N,P,K",10.42,2.649712335,0.236055109,1.652559913,Clay
19,39,17,29.2808618,81.8009244,6.890156495,44.47427436,"N,P,K",11.5,3.616,0.36,2.09,Clay
19,55,20,27.43329405,87.80507732,7.18530147,54.73367631,"N,P,K",80.3,1.342682927,0.243902439,1.524390244,Loam
19,57,23,23.6734328,47.2879691,7.342409555,141.1250722,"N,P,K",11.2,1.335618625,0.110432373,1.198669623,Loam
20,45,16,29.93964907,54.61813464,4.626212446,45.43669946,N,11.7,2.24,#DIV/0!,#DIV/0!,lime soil
20,74,16,36.04353699,43.61444121,4.759490199,159.8938645,"N,P,K",79.5,4.347619048,0.546904762,1.238095238,lime soil
20,77,23,34.87248659,38.83786012,5.180271502,148.2502786,"N,P,K",10.93,2.57420178,0.274977604,1.489888018,lime soil
20,67,19,19.24462755,50.54495302,5.671419084,180.6465282,"N,P,K",80.97,0.798738833,0.042038886,1.361008933,Loam
20,69,15,23.44260668,22.77255917,5.934136378,107.4137246,"N,P",5.6,2.432,0.22,#DIV/0!,Loam
20,73,22,16.03768615,22.33195853,5.976312538,130.3900798,"N,P,K",10.62,2.1127641,0.343616723,0.349307894,sandy
20,60,78,18.17234999,14.70085967,6.358740355,90.7760707,"N,P,K",86.54,0.46359584,0.066864785,0.527488856,silt
20,60,25,27.3254209,69.09047809,6.726469088,61.19250859,N,8,1.2,#DIV/0!,#DIV/0!,Clay
20,45,17,28.17458662,83.69659318,6.770955317,37.2464655,"N,P,K",11.68,2.303221477,0.434949664,0.486666667,Clay
20,60,22,29.65052947,42.89833235,6.876572503,186.9226052,N,5.5,1.185185185,#DIV/0!,#DIV/0!,Clay
20,45,22,29.5888162,89.9939693,6.904587016,54.96121262,"N,P,K",70.6,3.168,0.2,2.22,Red Soil
20,41,20,29.27308605,89.4875022,7.073048264,50.9246554,"N,P,K",78,2.63,0.27,2.98,Alluvial
20,40,15,29.57329479,88.07505524,7.199495368,45.04467075,"N,P,K",82,1.777777778,0.333333333,3.944444444,Loam
20,72,15,36.00415838,56.01334416,7.313517308,134.8596466,"N,P,K",9.45,1.643002208,0.143487859,1.379690949,Loam
20,62,18,29.36358721,64.98742947,7.366542647,61.91208707,"N,P,K",8.93,1.396740741,0.254166667,2.679444444,Loam
20,72,19,32.47648301,64.34848735,7.397190844,65.820457,N,17.25,0.528,#DIV/0!,#DIV/0!,Loam
20,79,77,18.54988627,16.02542689,7.64867466,76.32565249,"N,P,K",71.5,0.954385965,0.073684211,1.340350877,Loam
20,50,22,30.99694676,46.42693735,9.406887533,38.31597852,"N,P,K",11.07,0.832386256,0.058747657,0.572058493,clay
21,38,20,27.10508014,63.56791363,5.794289715,62.20279647,"N,P,K",7.6,2.672859291,0.6,0.75,Loam
21,63,17,15.77370214,19.2303162,5.979973965,108.3441414,"N,P",80,2.8,0.4,#DIV/0!,sandy
21,74,15,29.49096726,67.10604388,6.471862118,153.2504506,"N,P,K",88,3.733333333,0.441666667,1.416666667,silt
21,38,21,29.75538903,86.45193297,6.637677489,37.54602719,"N,P,K",67.3,2.688,0.22,1.44,silt
21,51,15,29.36488409,89.1886954,6.679127482,48.30159325,N,73.4,1.92,#DIV/0!,#DIV/0!,Clay
21,63,22,25.09737391,67.72837887,6.859409487,74.61649888,"N,P",10.17,2.128,0.42,#DIV/0!,Clay
21,78,19,27.16159076,66.76017239,6.92009048,69.85112265,"N,P,K",91.41,0.745052387,0.128055879,1.699650757,Red Soil
21,39,20,28.14448546,82.1193047,7.064782138,46.75690086,"N,P,K",13.3,0.86,0.11,1.94,Alluvial
21,44,18,27.06909959,86.89934108,7.12851089,50.46746116,"N,P,K",11.96,1.540957303,0.221488764,1.82,Alluvial
21,39,20,27.06179658,52.3003173,7.388007483,60.74583498,"N,P,K",71.9,0.992,0.2,1.11,Loam
22,49,22,28.23494706,61.5620517,3.71105919,72.66666443,"N,P,K",9.18,0.709101759,0.084112084,1.47722973,lime soil
22,59,23,27.32220619,51.27868781,4.371745575,36.5037914,"N,P",9.05,0.594272035,0.05632209,#DIV/0!,lime soil
22,43,24,25.42517036,53.2208266,4.52363558,46.19374559,"N,P",76.6,1.392888889,0.256410256,#DIV/0!,lime soil
22,62,16,34.6455408,54.32342534,4.828936119,180.9009998,"N,P,K",90,1.92,0.2,2.5,lime soil
22,71,17,18.15300153,19.38602098,5.509295379,107.6907964,"N,P,K",83,1.411764706,0.205882353,1.058823529,lime soil
22,70,19,18.23775702,21.07643273,5.515615023,69.44951585,"N,P,K",11.6,2.272,0.23,1.42,lime soil
22,60,24,18.78226261,20.24768314,5.630664753,104.2570723,"N,K",10,0.677777778,#DIV/0!,1.6,Loam
22,80,20,23.00884744,18.86880997,5.669560726,100.118612,"N,P,K",8,2.016,0.183333333,1.033333333,Loam
22,79,17,21.42451099,20.39659714,5.912289889,116.5206923,"N,P,K",89.31,0.748362956,0.112254443,1.375116932,Loam
22,44,24,24.30935081,56.32938343,6.030447288,58.99536268,N,6.9,1.68,#DIV/0!,#DIV/0!,sandy
22,67,78,17.16606398,14.42457525,6.204090835,72.32667516,"N,P,K",8.5,1.808,0.22,1.75,silt
22,72,85,18.86805647,15.65809214,6.391173589,88.51048983,"P,K",9.6,#DIV/0!,0.17,1.52,silt
22,64,82,19.48974337,17.17260319,6.4740245,87.51312796,"N,P",74.7,0.768,0.31,#DIV/0!,silt
22,37,20,27.62749466,86.49366929,6.605733068,39.26137642,"N,P,K",87.3,3.488,0.51,3,silt
22,54,20,28.56149805,83.63802195,6.689825155,41.013132,"N,P,K",11.3,1.251017699,0.197278761,1.204026549,Clay
22,56,17,29.87888063,87.32761241,6.89077995,44.75215854,"N,P,K",73.83,0.866,0.235,2.96,Clay
22,60,85,18.8392908,14.74071856,7.811997977,94.78189594,N,75,1.68,#DIV/0!,#DIV/0!,black
22,42,22,25.54249137,56.96640758,7.887658711,48.46797044,"N,P,K",11.18,1.867377828,0.332736562,0.386734323,black
22,36,16,30.58139475,50.77148138,8.18422855,64.58559639,"N,P,K",76.6,1.28,0.3,1.45,silt
22,78,76,17.84851658,19.09172907,8.621662982,76.32470713,"N,P,K",67.62,1.131562693,0.308832613,0.812229771,clay
22,51,16,27.96583691,61.34900107,8.639586199,70.10472076,"N,P,K",93,2.742857143,0.514285714,2.142857143,silt
22,55,24,28.56800579,57.30636014,8.66077954,64.53027638,"N,P,K",75.2,1.344,0.185,1.145,silt
23,55,16,21.01142393,69.69141302,5.111488821,185.2039114,"N,P,K",65.28,0.599078341,0.097926267,1.437211982,lime soil
23,58,19,24.17093241,58.25204566,5.243634849,59.18953429,N,9.6,1.312,#DIV/0!,#DIV/0!,lime soil
23,35,18,26.4908332,47.36534833,5.414492777,36.99362831,"N,P,K",11.58,2.41770852,0.271053812,1.897746637,lime soil
23,62,19,16.51783455,20.4555596,5.609435128,98.77794225,"N,P,K",81.7,0.786885246,0.103825137,1.065573771,Loam
23,65,20,23.0429097,22.42610972,5.833940084,108.3684316,"N,P,K",90.48,1.159663866,0.084033613,1.554621849,Loam
23,59,19,21.98560799,24.87304788,5.852046999,129.5650601,"N,P",9.57,0.842666667,0.16,#DIV/0!,Loam
23,59,25,27.8262623,88.73100226,6.320768488,56.68833819,"N,P,K",58.07,0.81631746,0.15,1.97,silt
23,39,22,29.25649321,81.97952224,6.86483915,42.02483277,"N,P,K",10.95,2.453661029,0.34,0.57,Clay
23,72,84,19.02061277,17.13159126,6.920251378,79.92698081,"N,P",8.6,1.776,0.25,#DIV/0!,Red Soil
23,45,23,28.77653519,86.69133979,6.983130466,56.12443206,"N,P,K",11.44,1.943870852,0.373778027,0.453333333,Red Soil
23,75,25,31.07508973,47.19847683,7.077170002,91.31256412,"N,P,K",72.2,1.537631654,0.202377049,2.09,Alluvial
23,37,24,28.77833449,44.2252605,7.991902443,33.95825723,"N,P,K",82.05,2.547333333,0.41,2.275,black
23,62,85,18.97424756,19.5161216,8.490127142,80.7108745,"N,P,K",8.8,1.936,0.21,1.7,silt
23,45,21,31.46511256,51.79939437,8.985348193,74.44330654,"N,P,K",7,1.504,0.35,1.69,clay
24,73,20,19.63736208,32.31528909,4.608695247,176.4134092,"N,P,K",9.83,1.438401776,0.336592675,3.825,lime soil
24,63,19,19.3479443,55.96805489,4.681576043,194.5921148,"N,P,K",14.2,1.472,0.35,2.41,lime soil
24,70,21,19.14729038,45.3733757,5.517208078,132.7748215,"N,P,K",9.68,0.706193318,0.085055679,2.389292873,lime soil
24,67,22,20.120043,22.89845607,5.618844277,104.6252153,"N,P,K",9.6,2.544,0.21,1.05,Loam
24,80,22,16.71170642,19.17651433,5.635993966,96.77285817,N,80,2.448,#DIV/0!,#DIV/0!,Loam
24,37,21,30.573999,58.22686794,5.818219385,62.74803826,"N,P",66.6,2.144,0.3,#DIV/0!,Loam
24,45,19,26.85851927,48.8246387,5.952384957,34.7426459,"N,P,K",75.8,2.644628099,0.289256198,0.867768595,sandy
24,53,17,28.95451232,89.07866095,6.421271178,57.65901369,N,17.4,2.768,#DIV/0!,#DIV/0!,silt
24,42,23,28.22471276,82.35916228,6.428054409,44.01206619,N,78.1,2.048,#DIV/0!,#DIV/0!,silt
24,56,85,18.19903647,17.41333199,6.545888558,80.6405403,"N,P,K",22.5,0.406709677,0.051612903,0.842580645,silt
24,55,78,17.30287885,15.15405941,6.64919573,75.57790384,N,8.94,1.126869749,#DIV/0!,#DIV/0!,silt
24,44,17,29.8596912,80.03499648,6.666380512,50.66487502,N,16,3.552,#DIV/0!,#DIV/0!,Clay
24,38,22,24.47876451,58.51663927,8.202706015,34.96933295,"N,P,K",8.44,1.30737157,0.215376663,1.888991228,silt
25,64,20,33.15122581,32.45974539,4.807776749,105.0380275,"N,P,K",88,3.733333333,0.441666667,1.416666667,lime soil
25,63,20,15.78601387,21.14544088,5.502999119,95.17028129,"N,P",85.4,2.082191781,0.273972603,#DIV/0!,lime soil
25,76,24,15.33042636,24.91506728,5.56503533,135.3315583,"N,P,K",8.2,2.416,0.23,0.93,lime soil
25,57,19,17.15432954,19.87070659,5.566522896,87.99669731,"N,P,K",55.2,1.542857143,0.276785714,1.138392857,lime soil
25,70,16,19.63474332,18.90705639,5.759237003,106.3598183,"N,P,K",79.11,0.57443753,0.067017712,1.110579225,Loam
25,60,22,21.63149148,21.17919701,5.887263027,134.3649948,"N,P,K",80.65,0.569518717,0.053475936,1.021390374,Loam
25,40,21,27.73329078,81.13903037,6.248900919,44.17580911,"N,P,K",13.65,2.25,0.34,1.9,silt
25,48,21,28.438097,83.48991368,6.267684328,52.55469976,"N,P,K",11.41,1.800168256,0.368823612,0.486666667,silt
25,59,19,29.06631494,83.6869203,6.626629798,43.95183726,N,14.7,2.938,#DIV/0!,#DIV/0!,silt
25,65,21,33.86351172,68.59232289,6.880245789,69.24464096,"N,P,K",9.22,0.63895731,0.063898488,1.173574514,Clay
25,57,24,27.65472156,58.59986279,6.974978386,36.94255012,"N,P,K",94,2.933333333,0.466666667,4.666666667,Red Soil
25,62,21,26.73433965,68.13999721,7.040056094,67.15096376,N,55.4,1.392,#DIV/0!,#DIV/0!,Alluvial
25,71,24,28.49538735,60.44848407,7.187721818,74.91559514,N,6.8,1.472,#DIV/0!,#DIV/0!,Loam
25,78,76,17.48042641,15.7559405,7.228963452,66.96980581,"N,P,K",9.73,3.089409091,0.352045455,2.25,Loam
25,76,17,31.74105409,68.63525428,7.241148507,62.3061735,"N,P,K",74,1.107692308,0.25,2.307692308,Loam
25,68,77,20.09340593,15.11279612,7.701446446,85.74904898,N,7.8,2.256,#DIV/0!,#DIV/0!,Loam
25,35,20,28.90245417,43.35365671,8.923095695,71.90018566,"N,P,K",7.83,1.779429778,0.291143963,2.15,clay
25,51,24,25.5042419,61.66852372,9.392694614,65.07981523,"N,P",14.3,0.888,0.065,#DIV/0!,clay
25,51,18,27.77799528,54.82130787,9.45949344,50.28438729,"N,P,K",6.88,3.657367955,0.773623188,0.5,silt
26,72,22,28.76794904,37.57792132,4.674941549,91.72084869,"N,P,K",84.24,1.182515723,0.12048218,1.366037736,lime soil
26,52,23,29.98835437,49.60384796,4.931890506,52.92929636,"N,P",11.23,3.01669697,0.388787879,#DIV/0!,lime soil
26,73,21,31.33170829,57.97429171,4.946263888,161.7820226,"N,P",90,2.2,0.26,#DIV/0!,lime soil
26,64,22,25.95058595,40.58227261,5.16516459,109.1821183,"N,P,K",90.81,1.392818281,0.119695321,1.12078346,lime soil
26,80,18,19.32509638,23.3334788,5.581021521,104.7783947,"N,P,K",10.85,1.69212,0.395,2.64,lime soil
26,67,24,36.97794384,37.73992903,5.642813116,161.4812963,"N,P,K",9.1,1.456,0.203333333,1.53,Loam
26,65,22,17.84806561,18.77621951,5.949949081,143.0984171,"N,P,K",10.85,1.996,0.265,2.02,sandy
26,50,19,27.3179125,51.66921088,6.005242945,32.55919573,"N,P,K",90,1.92,0.41,2.2,sandy
26,54,17,28.5474135,88.9570454,6.27258822,49.4897245,"N,P",73.55,2.336,0.31,#DIV/0!,silt
26,80,83,17.08498521,16.14565756,7.528599957,71.31007253,N,12.4,2.768,#DIV/0!,#DIV/0!,Loam
26,51,25,28.76488954,52.62741529,7.792508068,55.21606732,"N,P,K",76.85,2.9395,0.282916667,0.919166667,chalk
27,59,20,28.00937423,52.60950014,4.397698806,36.01203025,"N,P,K",82.27,2.934923077,0.288461538,1.057692308,lime soil
27,61,18,33.30711818,67.07780816,5.266227032,108.5090168,"N,P,K",86,1.714285714,0.307142857,1.285714286,lime soil
27,64,15,20.16080524,24.84207559,5.514927264,138.2362122,"N,P,K",81,2.336,0.17,1.92,lime soil
27,56,20,19.25975367,20.51346956,5.542690119,94.9533526,"N,P,K",9,2.288,0.24,0.96,lime soil
27,63,19,20.93409877,21.1893007,5.562201934,133.1914419,"N,P,K",9.9,2.080332743,0.335464602,0.478554572,lime soil
27,65,18,20.10993761,23.22323766,5.59503163,73.36386477,"N,P,K",78.4,1.544,0.26,1.63,lime soil
27,80,15,19.07096165,21.21092266,5.788386951,86.21917578,"N,P,K",91.56,1.042654028,0.106635071,1.504739337,Loam
27,59,22,21.81167649,23.20591245,5.794158504,130.0608093,"N,P,K",10.85,1.51,0.095,3.06,Loam
27,56,22,19.91853092,20.70099804,5.833010958,108.6434544,"N,P,K",80.66,0.47983454,0.139607032,1.509824199,Loam
27,74,20,24.69487673,59.96669215,5.859813416,91.95792434,"N,P,K",92.5,2.178571429,0.377142857,2.142857143,Loam
27,43,23,31.70447482,56.85420099,5.875333778,44.94317432,"N,P,K",73.57,2.032,0.38,2.196666667,Loam
27,69,22,17.91652287,24.90814655,5.932323085,69.14681022,"N,P,K",95,2.56,0.5,2,Loam
27,72,23,19.92889503,21.79992115,5.961934481,64.02640797,N,7,1.582795699,#DIV/0!,#DIV/0!,sandy
27,57,24,27.33534897,43.35795962,6.09186275,142.3303677,"N,P,K",10.23,4.117333333,0.4,1.326666667,sandy
27,76,83,19.12829388,14.92241479,6.289614016,89.61857826,"N,P,K",7.8,3.296,0.41,0.49,silt
27,79,82,17.06579293,17.54024066,6.307004923,70.87150577,"N,P,K",11.95,1.776,0.24,1.7,silt
27,72,17,28.98039357,57.23265151,6.347929353,120.7435664,"P,K",67.8,#DIV/0!,0.31,2.07,silt
27,56,20,29.2114218,87.11497805,6.41874299,51.53848218,"N,P",9.55,4.608,0.59,#DIV/0!,silt
27,62,77,18.19737048,14.71070537,6.576415562,70.18185181,"N,P,K",11.7,2.458049187,0.279455165,1.553034431,silt
27,40,24,27.84026517,89.99615558,7.063022095,52.84626009,"N,P,K",73.05,1.578,0.3,2.06,Alluvial
27,71,24,31.46417866,48.17631461,7.064973419,165.405354,"N,P,K",3.87,3.42536149,0.523249766,1.137001977,Alluvial
27,71,23,23.45379018,46.48714759,7.10959773,150.8712202,"N,P,K",90,0.8,0.27,1.2,Alluvial
27,73,79,19.16288268,15.83500655,7.354973451,82.69766829,N,64,1.072,#DIV/0!,#DIV/0!,Loam
27,64,21,32.84213012,68.68401492,7.543804223,73.67166182,N,11.1,0.544,#DIV/0!,#DIV/0!,Loam
28,58,24,19.72702528,18.28173015,5.748190463,143.7630894,"N,P,K",61,2.625641026,0.44,1.384615385,Loam
28,80,17,19.62207826,18.67170854,5.809419584,144.1567454,"N,P,K",87.87,1.16075845,0.222588623,1.632316571,Loam
28,66,23,21.53989176,24.25386207,5.99616119,120.6913038,N,8.05,2.664,#DIV/0!,#DIV/0!,sandy
28,75,21,24.7741949,50.54621094,6.007508163,114.2821387,"N,P",9.9,2.208,0.43,#DIV/0!,sandy
28,58,81,17.47500984,16.54314829,6.18042747,93.35034262,"N,P,K",71.2,1.2356,0.185,1.04,silt
28,72,84,18.72963144,19.18197264,6.481783043,71.58010169,"N,P",12.23,5.892571429,0.61,#DIV/0!,silt
28,45,23,29.65021184,80.29868321,6.489259136,56.76278363,"N,P,K",9.8,2.576,0.295,1.78,silt
28,76,82,20.56601874,14.25803981,6.654425315,83.75937135,"N,P",7.57,3.52959276,0.31,#DIV/0!,silt
28,46,16,29.008124,84.96089355,6.664187809,45.91011391,"N,P,K",75,2.874,0.27,1.65,Clay
28,59,22,30.90607799,52.79913039,7.05181629,170.9919828,"N,P,K",10.83,1.714403608,0.253232807,2.798649944,Alluvial
28,35,22,29.53037621,86.73346018,7.156563094,59.87232071,"N,P,K",13.3,0.86,0.11,1.94,Loam
28,74,81,18.01272266,18.30968112,8.753795334,81.98568791,"N,P,K",13.95,2.507601359,0.261625142,1.887157418,clay
28,48,15,25.16125354,55.25435777,9.254089438,40.89732789,"N,P,K",86.58,1.144560358,0.275707899,1.549925484,silt
28,57,17,30.47757686,61.58245338,9.416003106,61.86633917,"N,P,K",78.25,1.848,0.23,2.565,clay
29,68,23,24.1638445,19.27907819,5.82738029,116.7324324,"N,P,K",86.2,0.579710145,0.079710145,0.34057971,Loam
29,57,20,25.60973447,50.7330069,5.87707519,53.39249517,"N,P,K",8,2.208,0.15,2.39,Loam
29,78,25,19.95991719,59.33157782,5.982854523,195.787103,"N,P,K",87.1,2.24,0.23,1.4,sandy
29,45,16,28.43683487,87.91332682,6.583381939,43.12063289,N,17.45,1.28,#DIV/0!,#DIV/0!,silt
29,72,24,23.17409556,36.67847052,6.962386495,162.5931264,"N,P,K",91,1.422222222,0.311111111,2.222222222,Red Soil
29,75,75,19.62416326,18.71483156,7.064790365,88.4585692,"N,P,K",79.8,0.888174204,0.44,2.32,Alluvial
29,36,25,28.28511547,88.4393979,7.130278657,48.56690235,"N,P,K",67.27,1.642805195,0.215,2.85,Alluvial
29,77,75,17.50361137,15.48083156,7.778591618,72.9446671,"N,P,K",78.94,0.303893637,0.071225071,0.921177588,chalk
29,54,16,27.78031515,54.65030015,8.153022903,32.05025323,"N,P,K",87.55,0.93815261,0.192771084,1.767068273,clay
29,44,20,30.04132304,63.56222995,8.620107545,31.83192392,"N,P,K",62.43,0.902848017,0.074527549,0.915624168,silt
29,41,21,31.49398069,62.84916863,8.86979671,64.56807592,"N,P,K",73,5.333333333,0.218518519,0.777777778,silt
30,60,21,28.87667593,62.4901206,5.457871273,182.2688175,"N,P,K",10.45,4.258871003,0.477816979,1.053902977,lime soil
30,63,16,23.60506572,21.90539577,5.525904526,100.5978728,N,10.1,1.601779755,#DIV/0!,#DIV/0!,lime soil
30,41,15,24.83206631,44.17085032,5.88509677,52.0810886,"N,P,K",74.95,1.184963855,0.193493976,1.521927711,Loam
30,75,81,19.41789736,16.80472243,6.408437886,68.4951189,"N,P,K",75,1.1,0.25,1.82,silt
30,44,16,29.73013036,82.89166381,6.442335593,50.91511275,"N,P,K",73.1,1.92,0.29,1.69,silt
30,75,25,30.33276599,42.35249879,6.446091759,149.299952,"N,P,K",91,4.8,0.5,3.777777778,silt
30,64,20,33.8642935,61.57072498,6.573531614,68.02199825,"N,P",9.6,0.848,0.1,#DIV/0!,silt
30,65,82,20.71424384,15.27824066,7.103798069,76.77888672,N,8.4,0.752,#DIV/0!,#DIV/0!,Alluvial
30,37,25,29.89129144,80.14487166,7.120032489,54.7960127,"N,P,K",80.13,3.162666667,0.24,2.786666667,Alluvial
30,70,79,20.26942271,19.96978871,7.313122235,69.64449182,"N,P,K",64,0.608,0.11,0.9,Loam
30,65,25,32.88733849,64.59457409,7.70650895,71.50569456,"N,P,K",9.95,1.303407407,0.19,1.65,Loam
31,56,23,31.46846241,35.39454002,5.661826398,174.5723999,"N,P,K",82.91,0.39271155,0.067943175,0.772081532,Loam
31,75,18,15.46789263,21.43780702,5.824208309,88.88796102,"N,P,K",94.8,3.81,0.48,4.52,Loam
31,72,17,28.69180475,49.47225353,5.833031708,96.36222901,"N,P,K",73.97,1.97593985,0.339448622,1.879899749,Loam
31,55,22,22.91350245,21.33953114,5.873171894,109.225556,"N,P,K",5.42,2.205963206,0.329879467,0.470501163,Loam
31,79,25,23.18864385,22.3104551,5.902033406,63.38208822,"N,P,K",87.2,1.511904762,0.119047619,1.150793651,Loam
31,40,22,29.40889385,86.16063492,6.365513634,53.35486977,"N,P,K",79.7,2.983098039,0.331045752,2.5,silt
31,53,16,28.7420098,85.81675947,6.452006451,48.54598575,"N,P,K",8.95,1.824,0.185,0.8,silt
31,70,77,20.88818675,14.32313811,6.492546046,90.46228334,N,7.6,3.216,#DIV/0!,#DIV/0!,silt
31,48,17,28.88078945,86.94206817,6.594739424,53.79732545,"N,P,K",20,2.133,0.2725,1.989,silt
31,37,21,27.23924995,86.404241,6.713410626,37.31236904,N,7.8,6.490950109,#DIV/0!,#DIV/0!,Clay
31,58,15,27.11026483,84.96771717,7.121571293,51.52617423,"N,P,K",80.3,3.472,0.44,2.95,Alluvial
31,51,25,27.53592929,85.5701901,7.196774236,53.01899249,"N,P,K",7.36,3.130988604,0.619111111,0.733025641,Loam
31,76,82,20.8248451,17.85057083,7.599279991,79.20509212,"N,P,K",7.3,2.896,0.34,2,Loam
31,35,23,30.30260453,47.18283631,7.707595055,68.04039813,N,8.3,0.944,#DIV/0!,#DIV/0!,Loam
31,79,75,18.8202251,16.1074793,8.204862075,89.73119396,"N,P,K",13.52,1.637313016,0.312586636,0.344444444,silt
31,78,76,17.57212145,14.99927489,8.519975748,89.31050665,"N,P",80,2.8,0.4,#DIV/0!,silt
32,43,22,31.99928579,54.1077461,5.270749441,71.6266696,"N,P,K",89.1,1.11559633,0.155963303,1.981651376,lime soil
32,68,19,24.62835037,18.18325169,5.514234138,149.7441028,"N,P,K",81.71,0.446145435,0.060142154,0.852925096,lime soil
32,57,18,15.53834801,23.75560241,5.695422863,107.3850593,"N,P,K",86.1,0.943884892,0.179856115,2.043165468,Loam
32,79,15,23.90910104,20.74619325,5.706198621,81.60211243,"N,P,K",82.75,1.215072464,0.12173913,1.542028986,Loam
32,73,81,20.45078582,15.40312102,5.988992796,92.68373702,"N,P,K",80.15,3.104,0.38,2.49,sandy
32,48,18,26.45707778,56.40226277,5.993513566,64.16167699,"N,P,K",78,0.32,0.054545455,0.877272727,sandy
32,70,20,20.89342749,46.24856523,6.208843215,195.5697875,"N,P,K",73.16,2.304655216,0.411997486,3.42,silt
32,71,85,20.62767492,14.44008871,6.403982316,92.06630306,"N,P,K",9,1.984,0.36,2.3,silt
32,56,21,27.38538997,88.66663953,6.702772465,58.29933073,"N,P,K",78.25,3.754,0.33,2.25,Clay
32,57,22,28.6899851,87.50436797,6.769415888,44.56598352,"N,P",44.85,0.944,0.09,#DIV/0!,Clay
32,66,17,34.9466155,65.26774011,7.162357641,70.1415139,"N,P",11.8,1.92,0.21,#DIV/0!,Loam
32,41,16,28.63618921,61.39451307,7.702287236,68.54877876,"N,P,K",75.8,1.424,0.215,1.11,Loam
32,60,83,19.69141713,19.44225438,8.829273328,91.76071648,"N,P,K",46.99,1.005093379,0.213167327,0.671571402,silt
33,61,24,20.04611791,48.93905624,4.567446499,122.4564203,"N,P,K",10.3,1.054986425,0.132217195,1.08,lime soil
33,58,24,35.45790488,68.75810535,5.269504214,108.6333046,"N,P,K",8.87,1.587649123,0.335,0.42,lime soil
33,59,22,22.64236876,21.59396123,5.946999529,122.3886015,"N,P,K",10.85,1.536,0.24,1.34,sandy
33,73,23,29.23540524,59.38967583,5.985792703,103.3301803,"N,P,K",87.68,1.87012987,0.308441558,1.574675325,sandy
33,60,15,28.95172351,81.67085323,6.510840928,56.51103293,"N,P,K",70.7,2.857055928,0.21,1.955,silt
33,57,17,27.89636126,88.71782287,6.78415271,57.79863368,"N,P,K",65.2,3.44,0.25,1.95,Clay
33,37,19,27.92678579,86.5543196,7.183189922,43.4826194,"N,P,K",3.65,2.373015049,0.329008822,0.521017125,Loam
33,75,84,19.46210401,18.72831993,7.217018459,68.81405149,N,11.6,1.194570136,#DIV/0!,#DIV/0!,Loam
33,47,17,24.86803974,48.27531965,8.621514073,63.9187654,"N,P,K",95,3.84,0.64,4.4,clay
34,56,17,33.4126864,35.42910045,4.548202098,139.6702541,"N,P,K",92.3,0.78961039,0.12987013,0.493506494,lime soil
34,75,24,23.50222822,51.29019509,4.760038039,192.3023991,"N,P,K",79,4.495238095,0.523809524,1.238095238,lime soil
34,54,24,31.2119298,41.55934359,5.026003659,68.80141783,"N,P,K",10.27,2.454363636,0.28469697,0.880909091,lime soil
34,60,22,17.66148158,18.15302753,5.635231778,100.6711761,"N,P,K",11.25,2.918278596,0.227587769,1.962627407,Loam
34,60,23,20.12574053,24.96969858,5.659254981,100.0497183,N,4.9,2.368,#DIV/0!,#DIV/0!,Loam
34,59,18,23.38002569,21.98879437,5.744117663,87.66898664,"N,P,K",11.33,4.362666667,0.426666667,0.856666667,Loam
34,66,17,18.81097271,21.27833035,5.889614577,125.084915,"N,P,K",5.4,2.752,0.26,0.69,Loam
34,45,21,28.18837136,82.60629652,6.287380117,37.01110438,"N,P,K",72.8,3.424,0.25,1.95,silt
34,47,19,27.31372793,85.44815232,6.568795404,53.15223123,"N,P,K",13.08,0.952264045,0.169513109,1.588089888,silt
34,35,21,28.44524991,82.67639542,6.684381357,58.18713162,N,12.8,3.11,#DIV/0!,#DIV/0!,Clay
34,60,25,29.78416743,85.16906976,6.79385576,40.77872823,"N,P,K",70.8,2.688,0.24,1.44,Clay
34,59,23,28.56212158,83.24855855,6.935804256,56.48265193,"N,P,K",35,0.111,0.016,0.167,Red Soil
34,71,79,17.927806,15.85622899,7.728998197,74.63872762,N,64,1.536,#DIV/0!,#DIV/0!,Loam
34,76,80,20.65691793,15.84572566,7.985417393,65.23811143,"N,P,K",71,2.36,0.37,1.92,black
35,51,17,28.79929247,49.84213387,3.558822825,40.85534718,"N,P,K",8.13,0.67210989,0.12896978,0.73,lime soil
35,80,25,28.09269012,44.93322042,4.895927306,197.1144011,"N,P,K",73,2.256,0.29,1.4,lime soil
35,69,23,16.78791503,24.96881755,5.578410206,75.45328039,"N,P,K",83.05,0.934513274,0.235988201,1.958702065,lime soil
35,58,20,29.38538562,63.47742011,5.761702519,90.05422663,"N,P,K",86.28,1.096209913,0.116618076,1.545189504,Loam
35,66,81,19.37101121,15.77458129,6.138243973,85.24819851,N,76.54,1.202660465,#DIV/0!,#DIV/0!,silt
35,52,19,27.10606808,89.89593328,6.698574085,37.45680611,N,18,3.1,#DIV/0!,#DIV/0!,Clay
35,41,18,28.70562673,81.59200689,6.705008504,59.87065439,"N,P",60.4,1.008,0.12,#DIV/0!,Clay
35,71,17,29.89286629,66.35375127,6.931924963,198.1403003,"N,P,K",11.8,1.584,0.11,0.77,Red Soil
35,48,15,27.10818093,87.4512669,6.981758362,55.03723979,"N,P,K",73.65,1.065,0.21,1.68,Red Soil
35,57,83,19.48316794,17.44534641,7.476800943,80.4986291,"N,P,K",73.2,3.376,0.39,4.48,Loam
35,64,78,17.92845928,14.27327988,7.496645259,85.37378769,"N,P,K",9.4,1.037527594,0.099337748,1.644591612,Loam
35,63,76,17.81564548,17.60756635,7.714153038,90.82097601,"N,P,K",8.4,2.312,0.32,2.36,Loam
35,72,21,34.03619494,64.28791388,7.741418772,66.85510868,N,10.2,0.848,#DIV/0!,#DIV/0!,chalk
35,57,25,27.0956288,42.26206161,8.340398059,71.1271039,"N,P,K",66.1,1.2,0.2,1.11,clay
35,55,22,30.88883074,52.62696801,8.634929739,55.51932414,"N,P,K",94,2.666666667,0.466666667,3,clay
35,38,19,25.32688786,63.18180319,9.112771682,32.71129281,"N,P,K",85,1.066666667,0.22,2.666666667,silt
35,52,15,28.69841277,61.14754363,9.93509073,65.67591794,"N,P,K",88,2.666666667,0.175,2.666666667,silt
36,43,24,27.09400578,43.65305437,3.510404312,41.53749535,"N,P,K",7.38,1.213701516,0.218438996,1.237513691,lime soil
36,44,21,25.12528913,51.33189406,4.516154055,38.48678973,N,15,1.3,#DIV/0!,#DIV/0!,lime soil
36,61,21,34.53823889,39.04468913,5.617008201,168.5948318,"N,P,K",90,2.08,0.43,1.2,Loam
36,68,20,17.06104474,23.77201471,5.86442953,81.83420522,"N,P,K",94,4.266666667,0.75,6.666666667,Loam
36,65,80,18.2872007,16.67921616,6.051091339,74.87445574,"N,P,K",70.6,3.168,0.2,2.22,sandy
36,38,15,28.36363858,87.59810657,6.320662012,57.99524359,"N,P,K",64.3,1.552,0.29,1.69,silt
36,43,22,27.82684262,87.16679147,6.389882166,58.37249772,"N,P,K",78.08,3.364748858,0.368824201,2.239360731,silt
36,67,25,35.95176642,36.52780776,6.418062652,136.0456753,"N,P,K",9.5,1.696,0.45,2.05,silt
36,55,20,27.01470397,84.34262707,6.635968698,55.296354,"N,P,K",83.03,2.433333333,0.225,5.79,silt
36,66,15,30.08545364,69.34811988,6.668238556,67.1367443,"N,P",12.55,1.396,0.16,#DIV/0!,Clay
36,80,21,33.64769646,48.41490082,7.066087261,100.4673278,"N,P,K",11.2,1.335618625,0.110432373,1.198669623,Alluvial
36,43,21,28.36319404,84.8593608,7.140437859,52.93031105,"N,P,K",9.48,1.200544551,0.167447757,1.629129214,Loam
36,67,77,18.36952567,19.56381041,7.152811172,79.26357665,"N,P,K",77.5,2.921061225,0.29372449,2.401632653,Loam
36,56,20,25.4123765,49.66474269,7.437078236,31.87416982,"N,P,K",11.88,2.139235697,0.379510973,0.518784916,Loam
36,56,83,18.89780215,19.76182946,7.4526709,69.09512477,"N,P,K",12.5,1.714666667,0.3,1.96,Loam
36,57,16,28.61409059,57.14218792,8.292875734,57.02891698,"N,P,K",79.13,3.966666667,0.4,3.08,clay
36,58,25,28.66024187,59.3189118,8.399135958,36.92629678,"N,P,K",8.1,0.761697497,0.087051143,0.794341676,silt
36,76,75,18.38120357,16.63805158,8.736337905,70.52056697,N,64.85,1.611439153,#DIV/0!,#DIV/0!,clay
37,73,21,29.50304807,63.46513414,5.560224583,189.5208915,"N,P,K",10.83,1.915489059,0.16,1.38,lime soil
37,74,15,24.92360104,18.22590825,5.582178402,62.7089169,"N,P,K",8.6,2.304,0.23,1.01,lime soil
37,77,17,36.20970524,31.94550613,5.617122801,191.0658531,"N,P,K",72.93,1.300332471,0.251200591,1.285555966,Loam
37,65,16,22.8352024,18.97267518,5.683548308,63.59276673,N,7.2,2.704,#DIV/0!,#DIV/0!,Loam
37,72,18,18.87614998,24.54038287,5.724242065,105.4120514,"N,P,K",71.8,1.644813853,0.228636364,1.330584416,Loam
37,56,25,22.05592283,19.60379304,5.774755144,126.7265372,"N,P,K",11,2.496,0.29,1.37,Loam
37,70,25,19.73136909,24.89487354,5.819403771,84.06354115,"N,K",10,0.677777778,#DIV/0!,1.6,Loam
37,64,22,17.48189735,18.8251973,5.954665349,121.9401369,N,11.3,2.528,#DIV/0!,#DIV/0!,sandy
37,49,25,29.9145443,85.85384444,6.415459592,41.39081525,"N,P,K",63.7,1.632,0.29,1.69,silt
37,66,85,20.93175255,18.91295403,6.456148474,78.06910795,"N,P,K",71,3,0.05,3,silt
37,50,23,29.65296893,88.48587386,6.5304707,56.01913159,"N,P,K",9.97,2.517333333,0.226666667,1.886666667,silt
37,57,20,31.1006247,44.82069159,7.354286985,70.79934452,"N,P",10.77,1.424,0.1,#DIV/0!,Loam
37,78,79,19.95264829,14.82633099,7.786366322,88.6810311,N,76.1,2.896,#DIV/0!,#DIV/0!,chalk
37,55,82,19.45591848,18.02235902,8.423873703,78.44910564,N,75,1.072,#DIV/0!,#DIV/0!,silt
38,61,21,30.27374995,67.38680755,4.696518678,127.7767134,"N,P,K",10.67,2.093241724,0.381844621,0.464179601,lime soil
38,55,19,33.18184225,38.23184742,5.864623352,198.8298806,"N,P",7.5,0.64,0.345945946,#DIV/0!,Loam
38,72,21,28.23416057,49.4421345,5.902103172,186.5008581,"N,P,K",10.2,0.734966592,0.100222717,2.227171492,Loam
38,38,18,26.31051759,61.18749126,6.294130313,35.73403813,"N,P,K",70,0.88,0.21,1.82,silt
38,36,21,28.02952623,84.8845732,6.556372966,36.12042927,"N,P,K",75,3.7,0.26,3.15,silt
38,56,25,25.74095321,45.38497051,7.88118645,67.43488235,"N,P,K",86.57,1.084139985,0.089352197,1.13179449,black
38,60,76,18.65054116,17.80852431,8.868741443,77.92798682,"N,P",10.1,2.047111111,0.328055556,#DIV/0!,silt
39,77,21,22.99774444,60.24218572,4.603563116,159.689339,"N,P,K",64.4,0.359550562,0.073033708,0.870786517,lime soil
39,60,15,35.09357419,30.98685456,5.004074624,116.9106908,"N,P,K",86.81,1.249431387,0.144048522,1.349507202,lime soil
39,58,85,17.88776475,15.40589717,5.996932037,68.54932919,"N,P,K",10.8,2.656,0.23,1.59,sandy
39,57,19,29.32379604,45.93248374,6.421748487,165.4113371,"N,P,K",84,2,0.28125,2.625,silt
39,37,15,28.9973145,83.78911515,6.821747052,59.84499208,"N,P,K",4.36,4.073609369,0.485152656,0.547887913,Clay
39,60,21,34.89814946,63.59948557,6.97297656,64.72797143,"N,P,K",9.2,0.809,0.11,0.788,Red Soil
39,73,24,25.65842532,61.18235808,7.22405917,69.28607828,"N,P",62.4,1.541333333,0.18,#DIV/0!,Loam
39,42,20,29.3499706,61.25353851,8.055908858,40.82840673,N,80,2.55,#DIV/0!,#DIV/0!,silt
39,76,76,19.96837462,15.57324389,8.135900726,69.15759062,"N,P,K",7.9,3.248,0.51,2.36,silt
39,71,84,20.28155898,16.39535215,8.140825437,82.52339655,"N,P",82.1,4.528,0.44,#DIV/0!,silt
39,36,22,29.34317422,60.50320928,9.072011412,34.03335472,"N,P",72.17,1.162666667,0.21,#DIV/0!,silt
40,62,19,27.32198928,34.13737127,4.697750704,96.51524028,"N,P",72,1.43542857,0.282857145,#DIV/0!,lime soil
40,45,18,30.43683729,55.20522037,5.261285926,30.92014047,"N,P",94,2.933333333,0.466666667,#DIV/0!,lime soil
40,59,23,36.89163721,62.73178224,5.269084669,163.7266551,"N,P",12.27,2.336,0.22,#DIV/0!,lime soil
40,70,20,31.80130272,45.03186173,5.623490043,147.0361442,N,17.5,2.832,#DIV/0!,#DIV/0!,Loam
40,78,20,19.18572809,20.83398341,5.669236258,80.15293435,"N,P,K",72.45,1.594131488,0.18150519,1.94,Loam
40,73,20,21.59343016,20.31871249,5.811314232,61.13872036,"N,P",52.1,0.977023697,0.05,#DIV/0!,Loam
40,64,16,16.43340342,24.24045875,5.926676985,140.3717815,"N,P,K",6.14,3.703563326,0.566092751,0.844072495,Loam
40,49,17,31.02215872,45.89239456,6.68727523,53.56783314,"N,P,K",94,1.6,0.4,3.166666667,Clay
40,63,18,30.41588462,67.66323804,6.74441168,63.02473185,N,11,1.264,#DIV/0!,#DIV/0!,Clay
40,51,17,28.66086349,86.12194568,6.860602782,50.01534317,"N,P,K",91.06,2.242012903,0.318758961,2.732139785,Clay
40,45,20,29.37687468,57.69622912,6.878498176,38.34303462,"N,P,K",77,1.638,0.21,2.61,Clay
40,58,15,29.46416042,87.60890009,6.978400282,43.15411472,"N,P,K",58.5,1.344,0.29,1.69,Red Soil
40,55,18,30.38257873,40.5926071,7.115994051,47.95406479,"N,P",94,2.666666667,0.383333333,#DIV/0!,Alluvial
40,58,75,18.59190771,14.77959596,7.168096055,89.60982451,"N,P,K",11.4,2.174666667,0.29,2.06,Loam
40,72,77,17.02498456,16.98861173,7.485996067,88.55123143,N,11.3,2.528,#DIV/0!,#DIV/0!,Loam
41,78,21,25.19857725,60.37332688,6.581313137,70.88787207,"N,P,K",9.22,0.63895731,0.063898488,1.173574514,silt
41,69,82,20.02381489,16.63294455,6.715587232,68.97806542,"N,P,K",94,3.2,0.233333333,4,Clay
42,79,85,17.22385224,15.82069268,6.129533877,76.57580954,"N,P,K",8.9,2.528,0.25,2.16,sandy
42,73,25,34.03679184,67.21113844,6.501869314,73.23573601,N,63.4,1.456,#DIV/0!,#DIV/0!,silt
42,62,75,18.17912258,18.90426935,7.010570541,81.84997529,"N,P,K",74.27,2.424986301,0.284863014,1.98,Alluvial
42,67,77,18.99424448,15.9362937,7.114405288,78.69707199,"N,P,K",8,3.144,0.26,1.96,Alluvial
42,61,22,26.27274407,62.28814857,7.418650668,70.23207557,N,39.5,1.44,#DIV/0!,#DIV/0!,Loam
42,74,83,19.2582557,14.2804191,7.545258424,65.78042032,"N,P,K",73.9,2.752,0.4,2.13,Loam
43,68,81,17.47809436,17.93253975,6.761599706,78.92060234,"N,P,K",10.82,3.324152957,0.323149297,2.431145251,Clay
43,79,79,19.40751744,18.98030507,7.806747656,80.25064637,"N,P,K",9.6,2.966387597,0.323427464,2.39,chalk
43,66,79,19.46233971,15.22538951,7.976607593,74.58565097,"N,P,K",13.55,2.42703689,0.249455165,1.859701097,black
44,58,18,28.03644051,65.06601664,6.814410928,72.49507741,"N,P",8.37,1.343486506,0.07,#DIV/0!,Clay
44,74,85,20.18649426,19.63719995,7.150681303,78.26039559,"N,P,K",10.65,4.134561798,0.526713483,1.327668539,Loam
44,59,78,20.67526473,19.85388984,7.599033472,84.78344008,"N,P,K",95,4.16,0.45,5.6,Loam
45,61,78,19.48649305,16.06240074,6.489389282,81.5284269,"N,P",73.7,3.218,0.39,#DIV/0!,silt
46,76,77,18.2356751,19.68538502,6.967843048,83.74879344,"N,P,K",13.3,0.983381898,0.099834437,1.503647903,Red Soil
47,79,78,17.48395377,14.76014523,6.609696734,65.11365631,N,71.4,2.176,#DIV/0!,#DIV/0!,silt
47,80,77,17.18248372,16.42891834,7.561108006,72.85017344,"N,P",70.5,2.336,0.37,#DIV/0!,Loam
48,61,21,30.28496619,61.69295127,6.628264883,65.62859526,"N,P",10.85,1.376,0.25,#DIV/0!,silt
48,62,15,25.36586097,66.6379724,7.538631462,65.81655892,"N,P",10.1,0.736,0.08,#DIV/0!,Loam
48,65,78,17.43732714,14.33847406,7.861128148,73.0926704,"N,P",4.4,2.144,0.24,#DIV/0!,black
49,71,76,19.71098332,17.63879418,6.613072145,85.57925437,"N,P,K",81.96,1.241685144,0.327050998,1.784922395,silt
49,68,22,28.56840626,61.53278622,7.127064207,63.49726331,N,6.6,1.376,#DIV/0!,#DIV/0!,Alluvial
49,69,82,18.31561493,15.36143547,7.26311855,81.78710463,N,8,1.448,#DIV/0!,#DIV/0!,Loam
49,55,78,18.65580107,16.17772668,7.863113671,81.70769297,"N,P,K",76.87,1.418666667,0.24,1.465,black
50,74,17,27.10053268,63.36085585,6.5408208,73.84949872,"N,P,K",54.25,1.872,0.14,1.72,silt
50,55,16,28.81460716,65.33538112,7.581442888,62.26242533,"N,P,K",8,1.376,0.27,2.67,Loam
50,58,23,27.81326852,62.50460464,7.596802025,69.75555541,N,3.6,1.832,#DIV/0!,#DIV/0!,Loam
50,56,76,20.99502153,19.8601304,7.966605025,73.50734019,"N,P,K",81.9,4.255685393,0.473904494,2.221207865,black
51,56,18,28.12787838,64.2097765,6.706505915,70.86340755,"N,P",13.03,1.904444444,0.27,#DIV/0!,Clay
51,72,75,18.88852533,14.99451145,7.104224797,80.1113384,"N,P,K",93,2.514285714,0.313571429,3,Alluvial
52,56,85,20.1187446,14.44228303,6.81712422,88.68168643,"N,P",64,1.161777778,0.25,#DIV/0!,Clay
52,68,78,17.48504075,16.96070581,6.89655198,86.05078037,N,7.7,0.985915493,#DIV/0!,#DIV/0!,Red Soil
52,63,19,29.58949031,68.32176769,6.928898659,67.53021213,"N,P,K",44.7,1.000833333,0.145833333,1.04,Red Soil
52,71,16,27.74274761,68.53997144,7.075886472,71.78615328,N,7.1,2.88,#DIV/0!,#DIV/0!,Alluvial
52,73,79,17.25769499,18.74943955,7.840339389,94.00287214,"N,P,K",70.45,0.682547264,0.3,3.18,black
52,60,79,19.45339934,18.23490739,8.380185271,75.6317566,N,9,0.196,#DIV/0!,#DIV/0!,silt
53,67,17,31.77681682,69.01852894,7.296972161,61.46892873,"N,P,K",37.5,2.64432,0.4995,0.489,Loam
53,73,77,19.71359733,18.09665739,7.325451279,73.64476535,N,75,1.44,#DIV/0!,#DIV/0!,Loam
53,65,76,20.19137759,16.41998269,8.719960893,77.33795356,"N,P,K",75,1.7,0.29,2.06,clay
54,61,77,18.81198127,15.21618225,6.206582193,77.5429424,"N,P,K",13.3,0.983381898,0.099834437,1.503647903,silt
54,62,80,17.48911699,16.39055394,7.489545074,79.45758333,"N,P",71.4,2.672,0.37,#DIV/0!,Loam
54,77,85,17.1418614,17.0662427,7.829211144,83.74606679,"P,K",64.6,#DIV/0!,0.31,3.17,black
55,66,22,30.91219459,68.79427388,7.747775263,66.63830637,"N,P",7.85,1.528,0.15,#DIV/0!,chalk
56,79,15,29.48439992,63.19915325,7.454532137,71.89090748,"N,P,K",11.83,2.432,0.423333333,0.503333333,Loam
56,67,78,17.57445618,16.71826572,8.255450758,77.81891424,"N,P,K",95.5,2.5,0.525,4.25,silt
57,60,84,19.1034283,17.26184541,6.586777189,75.49101167,"N,P,K",8.38,3.770842503,0.734516361,1.179137001,silt
57,73,85,18.49311205,14.72115044,7.358099622,91.94595352,"N,P,K",79.8,0.522772277,0.193069307,1.386138614,Loam
57,67,25,32.34744009,66.61452812,7.551364319,64.55882254,"N,P,K",61.27,1.188437218,0.15,1.04,Loam
57,57,75,17.09104223,18.25142068,7.785039076,87.27444866,N,10,1.511111111,#DIV/0!,#DIV/0!,chalk
57,58,77,18.72649425,17.58406365,7.978996755,81.20176515,"N,P,K",70.08,1.295144928,0.378405797,1.035652174,black
57,68,81,17.17012591,17.30457712,8.081095263,72.78624223,"N,P",9.07,2.005333333,0.383333333,#DIV/0!,silt
57,56,78,17.34150229,18.75626255,8.861479668,67.9545435,N,15,3.062,#DIV/0!,#DIV/0!,silt
58,70,84,20.6543203,16.60820843,6.231049028,74.6631118,"N,P,K",73.58,2.374716484,0.284917582,1.964505495,silt
58,63,81,19.81344531,14.69765308,6.515499549,78.96514709,N,15,3.35,#DIV/0!,#DIV/0!,silt
58,71,15,27.82592799,67.5861883,6.919243702,74.01229707,N,5.4,1.936,#DIV/0!,#DIV/0!,Red Soil
58,66,79,20.99373558,19.33470387,8.718192847,93.55280105,"N,P,K",12.53,2.394049187,0.309455165,1.909551646,silt
59,55,19,31.74379487,62.51007687,7.332375138,68.97097538,"N,P",10.6,0.776,0.09,#DIV/0!,Loam
59,70,84,17.3348681,18.74926979,7.550808267,82.61734721,N,75,3.4,#DIV/0!,#DIV/0!,Loam
59,60,84,19.03025305,18.66725565,7.690962338,94.70992037,"N,P,K",80.94,3.953580723,0.410421687,1.94936747,Loam
59,62,83,18.57665902,19.22008229,8.104396058,72.94940441,"N,P,K",11.25,2.918278596,0.227587769,1.962627407,silt
59,69,80,19.07937684,17.86754927,8.165359297,69.40619137,"N,P,K",83.95,1.395638629,0.274143302,1.713395639,clay
59,55,79,20.36720401,16.89574311,8.766128654,82.2545577,"N,P,K",12.73,0.969842531,0.099779249,1.521530537,silt
60,36,43,23.43121862,83.06310136,5.286203711,219.9048349,N,11.7,6.014795017,#DIV/0!,#DIV/0!,lime soil
60,44,23,24.7947077,70.04556743,5.722579819,76.72860067,"N,P,K",10.48,2.027342342,0.230990991,2.203761261,Loam
60,55,45,21.40865769,83.3293191,5.935745417,287.5766935,N,12.2,2.354,#DIV/0!,#DIV/0!,sandy
60,51,36,22.69657794,82.81088865,6.028321558,256.9964761,"N,P,K",9.05,1.374556169,0.189986188,1.549765193,sandy
60,57,24,18.66116213,61.55327249,6.121294041,75.03247667,"N,P,K",94.55,2.424,0.66,4.8,sandy
60,49,44,20.77576147,84.49774397,6.244841491,240.0810647,"N,P,K",9.9,2.616,0.35,2.48,silt
60,61,78,20.71219282,19.83643308,6.317153205,94.03659867,N,70.5,1.856,#DIV/0!,#DIV/0!,silt
60,54,19,18.74826712,62.49878458,6.417820493,70.23401597,N,15.1,3.776,#DIV/0!,#DIV/0!,silt
60,38,17,18.41932981,64.23580251,6.474476516,76.41312437,"N,P,K",91.7,3.034245614,0.384912281,3.163157895,silt
60,68,83,19.12065218,18.43475844,6.620900869,85.52950164,N,80,2.448,#DIV/0!,#DIV/0!,silt
60,46,22,24.89364635,65.61418761,6.625404348,87.9298085,"N,P,K",8.63,1.061333333,0.086666667,1.9,silt
60,48,39,24.28209415,80.30025587,7.042299069,231.0863347,N,74.35,3.288,#DIV/0!,#DIV/0!,Alluvial
60,43,44,21.01944696,82.95221726,7.416245107,298.4018471,N,12.35,1.96,#DIV/0!,#DIV/0!,Loam
60,55,44,23.00445915,82.3207629,7.840207144,263.9642476,"N,P,K",7.95,2.144,0.2,1.49,black
61,38,20,18.47891261,62.69503871,5.970458434,65.43835393,"N,P,K",70.7,2,0.31,1.97,sandy
61,41,17,25.1420613,65.26185135,6.021902237,76.68456006,"N,P,K",60.35,1.346486804,0.146627566,1.348973607,sandy
61,60,15,24.87502824,68.74248334,6.265564338,91.26056654,N,9.7,1.93145515,#DIV/0!,#DIV/0!,silt
61,53,43,26.40323239,81.05635517,6.349606327,223.3671883,"N,P,K",10.38,4.028666667,0.608333333,1.432777778,silt
61,59,17,23.33844615,59.24580604,6.47444292,105.0083144,"N,P,K",92,3.6,0.575,3,silt
61,52,41,24.97669518,83.891805,6.880431223,204.8001847,"N,P,K",10.77,1.614054134,0.375691509,0.58,Clay
61,44,17,26.10018422,71.57476937,6.931756558,102.2662445,"N,P,K",68.85,2.913907285,0.430463576,1.953642384,Red Soil
62,42,36,22.78133816,82.06719137,6.430010215,248.7183228,"N,P",11.05,2.424,0.25,#DIV/0!,silt
62,48,20,21.70181447,60.47470519,6.708446922,95.71388473,"N,P,K",84.17,0.505369551,0.044219836,1.642451042,Clay
62,52,16,22.27526694,58.84015925,6.967057762,63.87020584,"N,P,K",10.95,1.602331096,0.283003356,1.922002237,Red Soil
63,44,41,24.17298839,83.7287574,5.583370042,257.0343554,"N,P,K",10.76,2.805646409,0.251298343,1.779198895,lime soil
63,42,21,23.26237612,72.33125523,5.798423908,67.10225139,"N,P",7.9,1.424,0.145,#DIV/0!,Loam
63,58,22,18.25405352,55.28220433,6.204747653,63.72358154,"N,P,K",11.86,1.006403666,0.229773769,1.698825888,silt
63,35,16,22.02720976,65.35549924,6.272417541,83.73280082,"N,P",76.1,2.12,0.2,#DIV/0!,silt
63,43,19,18.51816776,55.53128131,6.641906353,90.988051,"N,P,K",44,1.024,0.26,1.25,silt
63,43,17,19.28889933,65.47050802,6.807487794,71.3195307,"N,P,K",12.2,1.937932723,0.360568182,0.510340909,Clay
64,45,43,25.62980105,83.52842314,5.534878156,209.9001977,"N,P,K",9.2,2.736,0.31,3.25,lime soil
64,35,23,23.02038334,61.89472002,5.680361038,63.03843397,"N,P,K",7.1,1.736,0.325,1.91,Loam
65,37,40,23.35905428,83.59512273,5.333322606,188.413665,"N,P,K",85,3.52,0.52,1.466666667,lime soil
65,60,43,21.97199397,81.89918197,5.658169482,227.3637009,N,15,3.3,#DIV/0!,#DIV/0!,Loam
65,60,22,25.36768364,72.52054555,6.606984086,107.9124111,"N,P,K",86.13,1.153568854,0.10814708,1.247296323,silt
66,54,21,25.19008683,60.2001687,5.919045532,72.12375573,"N,P,K",7.9,1.424,0.27,1.52,Loam
66,53,19,23.09348056,60.1159381,6.033550195,65.49730729,N,65.8,1.68,#DIV/0!,#DIV/0!,sandy
66,60,38,22.08576562,83.47038318,6.372576327,231.7364957,"N,P,K",87.75,2.995652174,0.498695652,2.304347826,silt
66,44,20,19.0781471,69.02298571,6.740000688,80.72515943,"N,P,K",75.8,2.424,0.33,3.64,Clay
66,53,41,25.0756354,80.52389148,7.778915154,257.0038865,"N,P,K",76.95,3.376,0.375,3.39,chalk
67,58,39,25.2827223,80.54372813,5.453592032,220.1156708,N,10,4,#DIV/0!,#DIV/0!,lime soil
67,51,24,23.50297882,61.32026065,5.584171461,64.77791424,"N,P,K",48.65,0.754040896,0.181110029,1.008763389,lime soil
67,60,25,24.92162194,66.78627406,5.750254943,109.2162279,"N,P,K",65.35,2.115384615,0.282362637,2.005494506,Loam
67,43,39,26.04371967,84.96907151,5.999969026,186.7536773,"N,P,K",10.93,1.155962589,0.14530116,1.141593715,sandy
67,59,41,21.94766735,80.97384195,6.012632591,213.3560921,"P,K",76.8,#DIV/0!,0.43,3.25,sandy
67,35,22,23.30546753,63.24648023,6.385684214,108.7603001,"N,P,K",11.75,2.654096389,0.224392347,2.759329609,silt
67,45,38,22.72791041,82.1706881,7.300410836,260.8875056,"N,P,K",79.65,2.204648649,0.37018018,1.578288288,Loam
67,47,44,26.73072391,81.78596776,7.868474653,280.4044392,"N,P,K",10.75,3.985707865,0.443333333,1.066666667,black
68,57,43,26.08867875,80.37979919,5.706943251,182.9043504,"N,P,K",9.98,3.594547486,0.408058659,1.854860335,Loam
68,41,16,21.77689322,57.80840636,6.158830619,102.0861694,"N,P,K",10.3,1.76,0.27,1.72,silt
68,58,38,23.22397386,83.03322691,6.336253525,221.2091958,"N,P",9.8,1.792,0.14,#DIV/0!,silt
68,40,19,26.14384005,66.20569924,6.655426355,107.2361366,"N,P,K",90.88,4.42631579,0.664473684,3.22,silt
69,46,41,23.64124821,80.28597873,5.012139669,263.1103304,"N,P,K",9.2,0.688,0.08,2.11,lime soil
69,55,38,22.70883798,82.63941394,5.70080568,271.3248604,"N,P",10.2,2.192,0.21,#DIV/0!,Loam
69,51,23,22.21738222,72.85462807,6.80163854,106.6213157,"N,P,K",12.4,1.968,0.28,1.99,Clay
69,37,42,23.05804872,83.37011772,7.073453503,251.0549998,"N,P,K",10.1,2.192,0.295,1.4,Alluvial
70,44,19,23.31689124,73.4541537,5.852607099,94.29712821,N,66.6,1.285,#DIV/0!,#DIV/0!,Loam
70,47,17,24.6129118,70.4162444,6.600827017,104.1626147,"N,P",13.45,1.723,0.24,#DIV/0!,silt
70,36,42,21.84106875,80.72886384,6.946209881,202.3838319,"N,P,K",69.7,1.322666667,0.173333333,2.055,Red Soil
71,54,16,22.61359953,63.69070564,5.749914421,87.75953857,"N,P,K",84.61,0.696556205,0.064977258,0.578297596,Loam
71,52,18,25.10787449,55.97732754,5.790770203,78.16077693,"N,P,K",96,2.8,0.675,4,Loam
71,35,24,22.27373646,59.52193158,5.826426917,67.96704792,"N,P,K",8.93,3.888736648,0.62,0.98,Loam
71,60,22,26.07470121,59.37147589,6.2048017,85.75692395,"N,P,K",80.78,2.737579888,0.275356081,3.100862069,silt
71,46,40,20.2801937,82.1235421,7.236705436,191.9535738,"N,P",92,5.55,0.69,#DIV/0!,Loam
72,45,35,25.42977518,82.94682591,5.758506323,195.3574542,"N,P,K",10.95,1.198629256,0.14295174,1.142390572,Loam
72,60,25,18.52510753,69.0276233,5.773454729,88.10234397,"N,P,K",43.95,1.198929527,0.171275647,0.79750223,Loam
72,40,38,20.41447029,82.20802629,7.592490617,245.1511304,"N,P,K",74.27,1.231247571,0.159347066,2.328021765,Loam
73,35,38,24.88921174,81.97927117,5.005306977,185.9461429,"N,P,K",12.3,1.274971942,0.151967826,1.594927048,lime soil
73,57,41,21.44653958,84.94375962,5.824709117,272.2017204,"N,P,K",10.3,2.968,0.19,2.47,Loam
73,58,21,19.97215954,57.68272924,6.596060648,60.65171481,"N,P,K",67.1,1.168,0.27,1.37,silt
73,45,21,24.60532218,73.58868502,6.636803223,96.59195302,"N,P",8.25,2.64,0.24,#DIV/0!,silt
74,55,19,18.05033737,62.89366992,6.28886807,84.23613484,"N,P",29.6,#DIV/0!,0.13,#DIV/0!,silt
74,43,23,25.95263264,61.89082199,6.325235159,99.57981207,"N,P,K",86.6,4.981333333,0.5125,3.25,silt
74,48,17,21.63162756,60.27766379,6.430616465,69.21803098,"N,K",10.63,1.661863014,#DIV/0!,1.43,silt
74,58,18,20.03728219,56.35606753,6.727303282,109.024141,"N,P,K",12.9,1.192,0.35,2.32,Clay
74,39,23,22.6265115,65.77472881,6.78073637,88.17251033,"N,P,K",10.97,1.701333333,0.283333333,2.99,Clay
74,56,22,18.28362235,66.65952796,6.829199275,80.97573281,N,20,1.4,#DIV/0!,#DIV/0!,Clay
74,35,40,26.49109635,80.15836264,6.980400905,242.8640342,"N,P,K",77.63,3.322074074,0.310555556,2.8,Red Soil
74,54,38,25.65553461,83.47021081,7.120272972,217.3788583,"N,P,K",83,2.541176471,0.509411765,2,Alluvial
74,39,38,23.24113501,84.59201843,7.782051313,233.0453455,"N,P,K",12.4,3.184,0.28,2.8,chalk
75,56,18,19.39851734,62.35750641,5.696205468,60.95197486,"N,P,K",67.6,2.176,0.32,3.16,Loam
75,49,15,21.53574127,71.50905983,5.918263801,102.4852929,N,54.9,3.376,#DIV/0!,#DIV/0!,Loam
75,38,39,23.44676801,84.79352417,6.215109715,283.9338466,"N,P,K",86.35,1.641025641,0.139194139,2.168498169,silt
75,53,18,20.68899915,59.4375337,6.864793607,103.651438,"N,P,K",92,5.6,0.6375,3.125,Clay
75,54,36,26.29465461,84.56919326,7.023936392,257.4914906,"N,P,K",11.4,4.224,0.54,2.69,Alluvial
76,40,43,25.15745531,83.11713476,5.070175667,231.3843163,N,77.9,2.496,#DIV/0!,#DIV/0!,lime soil
76,49,42,24.958779,84.47963372,5.206373153,196.9560008,N,15.4,3.168,#DIV/0!,#DIV/0!,lime soil
76,47,42,20.08369642,83.29114712,5.739175027,263.6372176,"N,P",9.83,1.52,0.2,#DIV/0!,Loam
76,48,18,19.29563411,69.63481219,5.77597783,83.21030571,N,82.6,0.0352,#DIV/0!,#DIV/0!,Loam
76,44,17,20.41683147,62.5542482,5.855442401,65.27798457,"N,P,K",65.07,2.656,0.37,2.01,Loam
76,57,18,18.9802729,74.52600826,6.092725883,94.26249353,N,70,2.24,#DIV/0!,#DIV/0!,sandy
76,51,18,26.16985907,71.96246617,6.247040422,79.84925393,"N,P,K",10.35,2.362247191,0.280898876,2.550561798,silt
76,60,39,20.0454142,80.3477562,6.766240045,208.5810155,"N,P,K",75.9,3.34,0.38,2.88,Clay
76,39,24,24.2547451,55.64709899,6.995843776,64.23845455,"N,P,K",74.7,1.984,0.28,2.4,Red Soil
77,52,17,24.86374934,65.7420046,5.714799723,75.82270467,"N,P,K",76.25,2.528,0.4,3.31,Loam
77,58,19,22.8056033,56.50768935,5.791649933,101.5952794,"N,P,K",92,2.4,0.425,2.75,Loam
77,38,36,21.8652524,80.1923008,5.953933276,224.5550169,N,71.4,2.256,#DIV/0!,#DIV/0!,sandy
77,36,37,26.88444878,81.46033732,6.136131869,194.5766559,"N,P",69,3.664516129,0.564516129,#DIV/0!,silt
77,57,21,24.9321581,73.80435276,6.550563823,79.74078719,"N,P,K",42.52,1.009433071,0.126948819,0.51,silt
77,36,23,24.71417533,56.73426469,6.648725327,88.45361858,"N,P,K",3.34,4.121663563,0.461411132,0.435547279,silt
78,58,44,26.80079604,80.88684822,5.108681786,284.4364567,"N,P,K",76.18,3.351777778,0.292777778,2.717777778,lime soil
78,48,22,23.08974909,63.10459626,5.588650585,70.43473609,"N,P,K",89.7,5.646666667,0.753333333,3.545,lime soil
78,37,22,25.34217103,63.31801994,6.330554389,74.52082026,"N,P,K",77.2,2.8876,0.285681818,2.7,silt
78,58,15,25.00933355,67.816568,6.528631266,62.91359494,"N,P,K",75.87,2.496063492,0.260777509,2.582372881,silt
78,35,44,26.54348085,84.67353597,7.072655622,183.6222657,"N,P,K",85.64,0.802228412,0.146239554,1.364902507,Alluvial
78,43,42,21.32376327,83.00320459,7.283736617,192.3197536,"N,P,K",11.25,0.686047242,0.095555556,1.793888889,Loam
78,40,38,26.46428311,83.85642678,7.549873681,248.2256491,"N,P,K",75,2.75,0.23,2.13,Loam
78,42,42,20.13017482,81.60487287,7.628472891,262.7173405,"N,P,K",11.58,2.41770852,0.271053812,1.897746637,Loam
79,45,20,23.80546189,59.24537979,5.715208817,89.9622014,"N,P,K",81.38,1.073960499,0.098752599,1.164241164,Loam
79,51,16,25.33797709,68.49835977,6.586244581,96.46380213,"N,P,K",3.34,2.373680944,0.620732464,0.620732464,silt
79,42,37,24.87300744,82.84022551,6.587918708,295.6094492,"N,P,K",11.28,1.418136564,0.260825991,1.489196035,silt
79,59,17,20.37999665,63.73849998,6.644205485,108.5054416,"N,P,K",12.56,2.266845444,0.254679415,2.48116423,silt
79,43,39,21.66628296,80.70960551,7.062779015,210.8142087,"N,P,K",13,3.216,0.37,3.39,Alluvial
80,43,16,23.55882094,71.59351368,6.657964753,66.71995467,"N,P,K",64.3,2.352,0.29,2.14,Clay
81,53,42,23.67575393,81.03569343,5.17782304,233.7034975,"N,P,K",87.95,3.686,0.44,6.26,lime soil
81,49,20,18.04185513,60.61494304,5.513697923,104.2321615,"N,P,K",8.1,2.184,0.47,2.62,lime soil
81,45,35,26.52872817,80.12267476,6.158376967,218.9163567,"N,P,K",68.33,1.518380952,0.19,1.3,silt
81,45,23,19.32666088,68.034493,6.192360003,84.22969177,"N,P,K",11.1,1.488,0.17,1.81,silt
81,41,38,22.67846116,83.72874389,7.524080076,200.9133156,"N,P,K",71,3.475862069,0.5,0.896551724,Loam
82,43,38,23.28617173,81.43321641,5.105588355,242.3170629,N,6.6,1.062098501,#DIV/0!,#DIV/0!,lime soil
82,40,40,23.83067496,84.81360127,6.271478838,298.5601175,"N,P,K",11.34,3.388963536,0.336160221,2.436160221,silt
83,45,21,18.83344471,58.75082029,5.716222912,79.7532896,N,20,1.1,#DIV/0!,#DIV/0!,Loam
83,58,45,25.75528612,83.51827127,5.875345751,245.6626799,"N,P,K",79.73,1.255056734,0.192402565,2.407498767,Loam
83,41,43,21.0525355,82.67839517,6.254028451,233.1075816,"N,P,K",78.34,3.487117588,0.343919598,2.267952261,silt
83,58,23,19.74213321,59.66263104,6.381201909,65.50861389,N,13.9,2.624,#DIV/0!,#DIV/0!,silt
83,57,19,25.73044432,70.74739256,6.877869005,98.73771338,"N,P,K",11.6,2.272,0.23,1.42,Clay
83,60,36,25.59704938,80.14509262,6.903985986,200.834898,N,11.6,3.008,#DIV/0!,#DIV/0!,Red Soil
84,44,21,21.869274,61.91044947,5.850439831,107.2681929,"N,P,K",92,2.8,0.525,2.375,Loam
84,50,44,25.48591986,81.40633547,5.935344406,182.6549356,"N,P,K",87.46,2.145927273,0.323538462,2.457552389,sandy
84,51,35,22.30157427,80.64416466,6.043304899,197.9791215,"N,P,K",9.35,2.856,0.285,1.92,sandy
84,57,25,22.53510514,67.99257471,6.489040367,64.40866039,"N,P,K",8.93,1.530666667,0.16,1.64,silt
85,38,41,21.58711777,82.7883708,6.249050656,276.6552459,"N,P,K",75.05,2.796419204,0.270739477,2.890978261,silt
85,37,39,24.52783742,82.73685569,6.364134968,224.6757231,"N,P,K",9.3,2.736,0.255,2.465,silt
85,58,41,21.77046169,80.31964408,7.038096361,226.6555374,"N,P",9.7,2.479714286,0.267857143,#DIV/0!,Alluvial
85,52,45,26.31355498,82.36698992,7.224285503,265.5355937,"N,P,K",17.4,2.528,0.29,2.8,Loam
86,37,16,20.51716779,59.21235483,5.561510732,67.61013737,"N,P,K",88,1.510773109,0.328355742,2.430168067,lime soil
86,36,24,26.54986394,72.89187265,5.787268394,73.33636055,"N,P,K",61.41,0.932884167,0.186576833,0.852552475,Loam
86,55,21,21.54156232,59.64024162,6.803931519,109.7515385,"N,P,K",71.3,1.885777778,0.28,2.33,Clay
86,59,35,25.78720567,82.11124033,6.946636369,243.5120414,"N,P,K",13.3,2.32,0.35,0.49,Red Soil
87,35,25,21.44526922,63.1621551,6.178056304,65.88951188,N,72.6,1.792,#DIV/0!,#DIV/0!,silt
87,60,23,20.27317074,63.91281869,6.439071996,62.50351892,"N,P,K",90.8,3.454468085,0.354787234,2.727730497,silt
87,54,20,25.61707368,63.4711755,6.576418207,108.8303762,"N,P,K",64.4,2.144,0.285,2.19,silt
87,48,25,18.65396672,61.37879671,6.656730008,93.62039175,"N,P,K",11,2.416,0.28,2.55,Clay
88,35,40,23.57943626,83.58760316,5.85393208,291.2986618,N,71.2,2.208,#DIV/0!,#DIV/0!,Loam
88,54,44,25.7354293,83.88266234,6.149410611,233.1321372,"N,P,K",12.95,3.248,0.27,2.84,silt
88,38,15,25.08239719,65.92195844,6.455116637,62.49190812,"N,P",73.5,0.78490566,0.150943396,#DIV/0!,silt
88,46,42,22.68319059,83.46358271,6.604993475,194.2651719,N,11.05,1.61,#DIV/0!,#DIV/0!,silt
88,55,45,24.63544858,80.41363018,7.730367824,253.7202781,"N,P",14,3.056,0.22,#DIV/0!,Loam
89,60,19,25.19192419,66.6902901,5.913664501,78.06639649,"N,P,K",70.47,2.603302428,0.396821192,1.967880795,Loam
89,60,17,25.37548751,57.21025565,5.983952675,101.7004306,"N,P,K",6.83,0.98,0.192765957,2.305,sandy
89,45,36,21.32504158,80.47476396,6.442475375,185.4974732,"N,P,K",75.08,3.158580237,0.29166996,2.713478261,silt
89,54,38,24.51588066,83.5352163,6.685346424,230.4462359,"N,P,K",10.37,2.172886905,0.211071429,2.16,Clay
90,57,24,18.92851916,72.80086137,6.158860284,82.34162918,N,84.1,2.816,#DIV/0!,#DIV/0!,silt
90,49,21,24.84016732,68.3584573,6.472523287,74.05474936,"N,P,K",69.38,2.298424242,0.31,1.99,silt
90,42,43,20.87974371,82.00274423,6.502985292,202.9355362,"N,P,K",27.9,1.364771151,0.109570042,0.747572816,silt
90,52,25,25.97482359,69.36385721,6.822586546,103.2234212,"N,P,K",83.83,2.349666667,0.1875,1.875,Clay
90,44,38,23.83509503,83.88387074,7.473134377,241.2013513,"N,P,K",68.33,1.735047619,0.21,1.735714286,Loam
90,46,42,23.97898217,81.45061596,7.50283396,250.0832336,"N,P,K",76.5,3.206196721,0.27897541,2.608032787,Loam
91,53,40,26.52723513,81.41753846,5.386167788,264.6148697,"N,P",9,2.8,0.21,#DIV/0!,lime soil
91,36,45,24.44345477,82.45432595,5.950647577,267.9761948,"N,P,K",80.07,1.52,0.303333333,2.016666667,sandy
91,35,38,24.8972823,80.52586088,6.13428721,183.6793207,N,14,2.496,#DIV/0!,#DIV/0!,sandy
91,56,37,23.43191632,80.56887849,6.363472208,269.5039162,"N,P,K",11.72,2.109338703,0.419356823,0.537024609,silt
91,55,15,18.09300227,72.61024172,6.376651091,78.96159541,N,17.85,2.632,#DIV/0!,#DIV/0!,silt
91,50,40,20.82477109,84.1341879,6.462391607,230.2242223,"N,P,K",13.1,1.136,0.2,1.6,silt
91,35,39,23.79391957,80.41817957,6.970859754,206.2611855,"N,P,K",75.3,2.528,0.4,2.88,Red Soil
92,60,23,18.66746724,71.516474,5.721667141,69.93293255,"N,P,K",76.4,2.512,0.25,2.58,Loam
92,44,16,18.87751445,65.76816093,6.082973754,94.76189431,N,10,1.952,#DIV/0!,#DIV/0!,sandy
92,35,40,22.17931888,80.33127223,6.357389366,200.0882787,"N,P,K",10.58,3.054446409,0.228798343,2.344198895,silt
93,41,17,25.6217169,66.50415474,6.047906679,105.4654703,N,11.1,1.68,#DIV/0!,#DIV/0!,sandy
93,47,37,21.53346343,82.14004101,6.500343222,295.9248796,N,11.4,1.198,#DIV/0!,#DIV/0!,silt
93,58,38,20.61521424,83.77345559,6.932400225,279.5451717,"N,P,K",72.56,1.2303207,0.153061224,2.310495627,Red Soil
93,56,36,24.01497622,82.05687182,6.98435366,185.2773389,"N,P,K",76.1,2.952,0.31,3.1,Red Soil
93,53,38,26.92995077,81.91411159,7.069172227,290.6793783,"N,P,K",70.88,1.878,0.1925,1.9575,Alluvial
93,56,42,23.85724032,82.22572988,7.382762603,195.0948311,"N,P,K",4.42,3.339610797,0.544046872,0.765850596,Loam
94,53,40,20.27774362,82.89408619,5.718627178,241.9741949,"N,P,K",78.08,3.364748858,0.368824201,2.239360731,Loam
94,54,17,23.39128187,61.74427165,5.871647806,107.3198135,"N,P",85.75,2.664556962,0.21,#DIV/0!,Loam
94,50,19,23.30355338,73.62548442,5.873242491,97.59081274,"N,P",70,1.248,0.2,#DIV/0!,Loam
94,39,18,23.89114571,57.48775781,5.893093135,102.8301942,"N,P,K",70.65,0.58330494,0.102214651,1.669505963,Loam
94,50,37,25.66585205,80.66385045,6.94801983,209.5869708,"N,P,K",74.6,2.864,0.38,2.95,Red Soil
95,52,36,26.22916897,83.83625819,5.543360238,286.5083725,"N,P,K",81.78,0.338793093,0.051779714,0.747809583,lime soil
95,39,36,23.86330467,83.15250801,5.561398642,285.2493645,N,12.7,2.592,#DIV/0!,#DIV/0!,lime soil
95,38,22,19.84939404,61.24500053,5.730617109,100.7689246,"N,P,K",93,3.085714286,0.485714286,2.928571429,Loam
95,55,42,26.79533926,82.1480873,5.950660556,193.3473987,"N,P,K",11.12,2.618647514,0.238273481,1.764198895,sandy
96,46,22,20.58314011,69.00128641,6.499936446,66.29390357,"N,P,K",8.8,3.152,0.46,3.41,silt
96,54,22,25.70196694,61.33450447,6.960358276,83.20711308,N,20.3,0.56,#DIV/0!,#DIV/0!,Red Soil
97,59,43,26.35927159,84.04403589,6.286500176,271.3586137,N,76.8,3.92,#DIV/0!,#DIV/0!,silt
97,36,45,22.2286982,81.85872947,6.939083505,278.0791793,"N,P,K",81,4.715789474,0.5,1.315789474,Red Soil
97,50,41,24.52922681,80.54498576,7.070959995,260.2634026,"N,P,K",9.65,2.78879558,0.261298343,2.119198895,Alluvial
98,53,38,20.26707606,81.63895217,5.01450727,270.4417274,"N,P,K",12,3.168,0.255,2.54,lime soil
98,35,18,23.79746068,74.82913698,6.252797548,91.76337172,"N,P,K",45.5,0.836264151,0.19245283,0.34,silt
98,44,21,25.77175115,74.089114,6.524478032,107.4931917,"N,K",55.8,1.552,#DIV/0!,0.93,silt
98,47,37,23.48381344,81.33265073,7.375482851,224.0581164,"N,P,K",82.9,3.488,0.39,3.4,Loam
99,50,15,18.14710054,71.09445342,5.573286437,88.07753741,N,10.83,0.896267898,#DIV/0!,#DIV/0!,lime soil
99,54,37,21.14347496,80.33502926,5.594819626,198.6730942,"N,P,K",74.26,0.64024864,0.077700078,1.538461539,lime soil
99,57,35,26.75754171,81.17734011,5.960370061,272.2999056,"N,P,K",15.25,2.392,0.22,1.99,sandy
99,39,18,19.20129357,68.30578978,6.11275104,87.85092352,"N,P,K",90.92,0.95154185,0.176211454,1.795154185,sandy
99,56,17,24.10859207,73.13112261,6.234330356,71.07562236,N,74.7,3.024,#DIV/0!,#DIV/0!,silt
99,38,21,22.88330922,71.59722446,6.352471866,67.72777298,"P,K",8.1,#DIV/0!,0.31,2.07,silt
99,55,35,21.7238313,80.2389895,6.501697816,277.9626192,"N,P",93,4.342857143,0.742857143,#DIV/0!,silt
99,36,20,20.57981887,65.34583901,6.671085817,78.34604471,"N,P,K",11.32,0.791639892,0.101286682,2.619334086,Clay
99,41,36,24.45802087,82.74835604,6.738652179,182.5616319,N,9.1,0.752,#DIV/0!,#DIV/0!,Clay
100,48,16,25.71895816,67.22190688,5.54990242,74.51490791,N,20,0.7,#DIV/0!,#DIV/0!,lime soil
